,,,,,,,,,,,,,,,,,,,,,,,,,,,,,,,,,,,,,,,,,,,,,,,,,,
,,,,,,,,,,,,,,,,,,,,,,,,,,,,,,,,,,,,,,,,,,,,,,,,,,
,,Date,Session,Clan,Rating,Opponent,#,Map,Notes,Ya,Mo,Oh,Kr,GK,Co,Th,Re,Bo,Za,DM,Sa,Hi,Go,He,Ve,Yo,PR,Mk,St,Wo,Sm,Mi,Co,Sh,Hg,Hy,Ge,So,Gr,Kh,52,Da,Kl,Ma,PE,YY,X,,486,Points
,1,23/10,1.1,KSC,A,CUTER,8,Hotspot,,,,,2,,,,,,,1,,,,,,,,1,1,,1,,1,,,,,,,,,,1,,,,-,,L,-27
,2,,1.1,KSC,A,GAISHU,2,Land of Fire,,,,,,,,,1,1,,,,,,,,,,,2,,,,,,,,,,,,,,4,,,,-,,L,-26
,3,,1.1,KSC,A,SHADY,374,Hotspot,,1,,,1,,,,,,,,,1,,,,,,,,1,,3,,,,,,,,,,,1,,,,-,,W,32
,4,,1.1,KSC,A,1NJS,343,Sea of Fortune,,2,,,,,,,,,,1,,1,,,,,,1,2,,,,,,1,,,,,,,,,,,,-,,W,32
,5,,1.1,KSC,A,FLTF1,212,Shards,,1,,,1,,,,,,,2,,,,,,,,1,,1,,,,1,,,,,,,,1,,,,,-,,W,30
,6,,1.1,KSC,A,-CHL-,348,Sea of Fortune,,,1,,,1,,,,,,,,,,,,2,,,1,1,,,,1,,,1,,,,,,,,,,-,,W,S
,7,,1.1,KSC,A,TAFFY,363,Hotspot,,,2,,,,,,,,,3,,,,,,1,,,,,,,,,,,2,,,,,,,,,,-,,W,S
,8,,1.1,KSC,A,WAKE,131,Shards,,,,1,1,,,,,,,,,,,,,,,1,1,,,,,,,,1,,,2,,1,,,,,-,,W,S
,9,,1.1,KSC,A,STURM,97,Warrior's Path,,,,,1,,,1,,,,2,,1,,,,,,,1,,1,,,,,,,,,,,,1,,,,-,,W,56
,10,,1.1,KSC,A,GAISHU,2,Hotspot,,,,,1,,,1,,,,,,,,,,,,,1,,,1,,,,,,,,,,,3,,,1,-,,W,30
,11,,1.1,KSC,A,PWP,4,North,,1,,,1,,,,,,,1,,,,1,,,,1,1,,,,,,,,,,1,,,1,,,,,-,,L,-18
,12,,1.1,KSC,A,CEWL,360,Land of Fire,,,,,,2,,,,,,2,,,,,,,,,2,,,,,,,,,1,,1,,,,,,,-,,W,30
,13,,1.1,KSC,A,STURM,97,Sea of Fortune,,,,,1,,,1,,,,2,,1,,,,,,,1,,1,,,,,,,,,,,,1,,,,-,,L,-18
,14,,1.1,KSC,A,-AFK-,218,North,,1,,,1,,,,,,,1,1,,,,,,,1,,1,,,,,,,,,,,,1,1,,,,-,,W,29
,15,,1.1,KSC,A,R-F1,93,Land of Fire,,1,,,1,,,,,,,1,,1,,,,,,,1,,1,,,,,,,,,,,1,1,,,,-,,W,32
,16,,1.1,KSC,A,PEEDZ,38,Warrior's Path,,,,,1,,1,,,,,1,,,,,,1,,1,,,1,,,1,,,,1,,,,,,,,,-,,L,-17
,17,,1.1,KSC,A,R-F1,93,North,,1,,,1,,,,,,,1,,1,,,,,,,1,,1,,,,,,,,,,,1,1,,,,-,,W,32
,18,,1.1,KSC,A,NEON,79,Shards,,,1,,1,,,,,,1,1,,,,2,,,,1,1,,,,,,,,,,,,,,,,,,-,,L,-17
,19,,1.1,KSC,A,TQL,53,Sea of Fortune,,2,,,,,,,,,,1,,,,2,,,,,2,,,,,,,,1,,,,,,,,,,-,,W,29
,20,,1.1,KSC,A,-BRS-,33,Land of Fire,,,,,2,,,,,,,1,,,,,,1,,1,,,1,,,,,,,2,,,,,,,,,-,,L,-17
,21,,1.1,KSC,A,QQ7,20,North,,1,,,1,,,,,,,,,,,,,,,2,2,,,,,,,,,,,,,1,1,,,,-,,W,30
,22,,1.1,KSC,A,O7,1,Shards,,,,,2,,,,,,,,,,,,,,,2,3,,1,,,,,,,,,,,,,,,,-,,L,-14
,23,,1.1,KSC,A,UR,14,Hotspot,,,,,1,,,1,,,,1,,,,,,,,,2,,1,,,,,,,,1,,,1,,,,,-,,W,31
,24,,1.1,KSC,B,LEW,354,North,,,,,,1,1,,,,,,,,,,,3,,,,1,,,,,,,1,,1,,,,,,,,-,,W,28
,25,,1.1,KSC,B,ARMDA,321,Shards,,1,1,,,,,,,,,3,,,,,,,,1,,,,,,,,,,,,,,1,1,,,,-,,W,28
,26,,1.1,KSC,B,GROGS,167,Hotspot,,,1,,1,,,,,,,2,,,,,,,,1,1,,,,,,,,1,,,,,1,,,,,-,,W,30
,27,,1.1,KSC,B,LARP,323,North,,,,,2,,,,,,,,,,,,,,,,,,3,,,3,,,,,,,,,,,,,-,,W,30
,28,,1.1,KSC,B,PWP,4,Shards,,1,,,1,,,,,,,1,,,,1,,,,,1,,1,,,,,,,,1,,,1,,,,,-,,L,-19
,1,24/10,1.2,KSC,A,GAISHU,2,North,,1,,,,,,,,,,,,,,,,,,,2,,,1,,,,,,,1,,,,3,,,,-,,L,-12
,2,,1.2,KSC,A,TQL,53,Crash Zone Alpha,,1,,,1,,,,,,,1,,,,1,,,,,2,,,,,1,,,,,,,1,,,,,,-,,W,32
,3,,1.2,KSC,A,RNG,35,Warrior's Path,,1,,,1,,,,,,,,,,,,,,,,2,,2,,,1,,,,,,,1,,,,,,-,,W,31
,4,,1.2,KSC,A,SCCC,3,Shards,,1,,,1,,,,,,,1,,,,,,,,,1,,1,,,1,,,,,,,,,2,,,,-,,L,-16
,5,,1.2,KSC,A,90TH,86,Warrior's Path,,,,,1,1,,,,,,1,,,,,,,,1,1,,1,,,,,,,1,,,,1,,,,,-,,W,28
,6,,1.2,KSC,A,GAISHU,2,Hotspot,,1,,,,,,,,,,,,,,,,,,,2,,,1,,,,,,,1,,,,3,,,,-,,L,-10
,7,,1.2,KSC,A,ADOPT,30,North,,,,,2,,,,,,,1,,,,,,,,1,1,,1,,,1,,,,1,,,,,,,,,-,,W,29
,8,,1.2,KSC,A,PN,80,Shards,,1,,,1,,,,,,,1,,,,,,,,1,1,,1,,,,,,,1,1,,,,,,,,-,,W,S
,9,,1.2,KSC,A,PWP,4,Warrior's Path,,1,,,1,,,,,,,1,,,,1,,,,,,,2,,,,,,,,,,,2,,,,,-,,L,S
,10,,1.2,KSC,A,SCCC,3,Sea of Fortune,,1,,,1,,,,,,,1,,,,,,,,,1,,2,,,,,,,,,,,1,1,,,,-,,W,S
,11,,1.2,KSC,A,KWA,69,Shards,,1,,1,,,,,,,1,1,,,,,,,,1,,,1,,,,,,2,,,,,,,,,,-,,W,S
,12,,1.2,KSC,A,CUTE,22,Hotspot,,,,,1,,,,1,,,1,,,,2,,,,1,,,1,,,1,,,,,,,,,,,,,-,,L,-24
,13,,1.2,KSC,A,WDWTS,181,Shards,,,,,1,,,,,1,,2,,,,,,,,,1,,,,,,,,,,,,,,3,,,,-,,L,-17
,14,,1.2,KSC,A,PHU,102,Crash Zone Alpha,,,,,2,,,,,,,,,,,,,1,,1,1,,1,,,,,,,,,,,2,,,,,-,,W,30
,15,,1.2,KSC,B,STW,31,Hotspot,,,,1,1,,,,,,,1,,,,1,,1,,,1,,,,,,,,,1,,,,1,,,,,-,,W,31
,16,,1.2,KSC,B,-MM-,95,Shards,,1,,,1,,,,,,,1,,1,,,,,,,1,,1,,,1,,,1,,,,,,,,,,-,,W,31
,17,,1.2,KSC,B,AP,12,Sea of Fortune,,,1,,1,,,,,,,3,,1,,,,,,,1,,,,,,,,,,1,,,,,,,,-,,W,30
,18,,1.2,KSC,B,TNG,15,Hotspot,,1,,,1,,,,,,,2,,,,1,,,,,,,1,,,,,,,1,,,,1,,,,,-,,W,32
,19,,1.2,KSC,B,RELAX,154,Shards,,,,,1,,,,,1,1,1,,,,,,,,2,,,,,,,,,,1,,,,1,,,,,-,,W,31
,20,,1.2,KSC,B,PN,80,Land of Fire,,,,,1,,,1,,,,1,,,,,,,,1,1,,1,,,,,,1,1,,,,,,,,,-,,L,-21
,21,,1.2,KSC,B,SCCC,3,Shards,,1,,,1,,,,,,,1,,,,,,,,,1,,1,,,1,,,,,,,,,2,,,,-,,L,-17
,22,,1.2,KSC,B,STW,31,Sea of Fortune,,,,,2,,,,,,,1,,1,,,,1,,,1,,,,,,,,,,,,,,2,,,,-,,L,-22
,23,,1.2,KSC,B,CUTER,8,Hotspot,,1,,,1,,,,,,,2,,,,,,,,,1,,1,,,,,,1,1,,,,,,,,,-,,L,-14
,24,,1.2,KSC,B,O7,1,Warrior's Path,,,,,1,,,,1,,,,,,,,,,,2,2,,1,,,,,,,,,,,1,,,,,-,,L,-13
,25,,1.2,KSC,B,MIA,16,Crash Zone Alpha,,,,,2,,,,,,,2,,,,,,,,,,,2,,,,,,,,,,1,1,,,,,-,,L,-17
,26,,1.2,KSC,B,STW,31,Land of Fire,,,,1,1,,,,,,,1,,1,,,,,,,2,,,,,,,,,1,,,,1,,,,,-,,W,32
,1,26/10,1.3,KSC,A,CCTV1,58,Shards,,1,,,1,,,,,,,,,,,1,,,,,2,,1,,,,,,,,,,,2,,,,,-,,L,-17
,2,,1.3,KSC,A,CUTE,22,Land of Fire,,1,,,,,,,1,,,,,,,2,,,,,1,,1,,,1,,,,,,,,,1,,,,-,,L,-15
,3,,1.3,KSC,A,PN,80,Crash Zone Alpha,,1,,,1,,,,,,,1,,,,,,1,,1,,,1,,,1,,,1,,,,,,,,,,-,,W,30
,4,,1.3,KSC,A,NGAGE,6,Warrior's Path,,1,,,1,,,,,,,,,1,,,,,,1,,,1,1,,,,,,1,,,,,1,,,,-,,W,S
,5,,1.3,KSC,A,PWP,4,Hotspot,,1,,,,,,,,,,1,,,,1,,,,,2,,1,,,,,,,,,,,2,,,,,-,,L,S
,6,,1.3,KSC,A,WDWTS,181,Crash Zone Alpha,,,1,,,,,,1,,1,2,,,,,,1,,,1,,,,,,,,,,,,,1,,,,,-,,W,S
,7,,1.3,KSC,A,TNG,15,North,,1,,,1,,,,,,,2,,,,1,,,,,,,1,,,,,,,1,,,,1,,,,,-,,L,S
,8,,1.3,KSC,A,RMOVE,32,Sea of Fortune,,1,,,1,,,,,,,2,,,,,,,,1,,,,,,,,,,,,,,,2,,,1,-,,L,-19
,9,,1.3,KSC,B,KILL,63,Warrior's Path,,2,,,,,,,,,,,,,,,,,,1,1,,2,,,,,,2,,,,,,,,,,-,,W,30
,10,,1.3,KSC,B,NLIST,39,North,,1,,,1,,,,,,,2,,,,,,,,1,1,,,,,,,,1,1,,,,,,,,,-,,W,28
,11,,1.3,KSC,B,OO7,13,Sea of Fortune,,1,,,1,,,,,,,1,,,,,,,,1,1,,1,,,1,,,,1,,,,,,,,,-,,L,-15
,12,,1.3,KSC,B,MIA,16,North,,1,,,1,,,,,,,2,,,,2,,,,,,,,,,,,,,,,,1,,1,,,,-,,L,-16
,13,,1.3,KSC,B,RDS-A,71,Warrior's Path,,1,,,1,,,,,,,1,,,,,,,,1,2,,1,,,,,,1,,,,,,,,,,-,,W,28
,14,,1.3,KSC,B,-BRS-,33,Shards,,,,,2,,,,,,,1,,,,,,1,,1,,,1,,,,,,,2,,,,,,,,,-,,L,-16
,15,,1.3,KSC,B,TASH,52,Warrior's Path,,1,,,1,,,,,,,1,,,,,,,,1,1,,1,,,,,,,,,,,1,1,,,,-,,L,-18
,16,,1.3,KSC,B,SCCC,3,Land of Fire,,1,,,1,,,,,,,,,,,,,,,,2,,,,,,,,,,,,,1,3,,,,-,,L,-15
,17,,1.3,KSC,B,KAG,57,Crash Zone Alpha,,1,,,1,,,,,,,1,,1,,,,,,,1,,1,,,,,,,,,,,1,1,,,,-,,W,29
,18,,1.3,KSC,B,SUR,98,Warrior's Path,,1,,1,,,,,,,1,1,,,,,,,,1,,,1,,,,,,1,,,,1,,,,,,-,,W,28
,19,,1.3,KSC,B,CHASE,66,Shards,,1,,,1,,,,,,,1,,,,,,,,1,1,,1,,,,,,,,,,,2,,,,,-,,L,-16
,20,,1.3,KSC,B,STW,31,Hotspot,,1,1,,,,,,,,,,,,,,,1,,,2,,1,,,,,,,1,,,1,,,,,,-,,L,-16
,1,27/10,1.4,KSC,A,CUTE,22,Land of Fire,,1,,,1,,,,,,,,,,,1,,,,2,,,1,,,,,,,,,,,,2,,,,-,,W,S
,2,,1.4,KSC,A,5D,45,Warrior's Path,,,,,1,1,,,,,1,,,,,,,,,1,1,,,1,,,,,,,,,,1,1,,,,-,,W,S
,3,,1.4,KSC,A,PWP,4,Shards,,1,,,1,,,,,,,1,,,,1,,,,,1,,1,,,,,,,,1,,,1,,,,,-,,L,S
,4,,1.4,KSC,A,Y0L0,92,Sea of Fortune,,1,,,1,,,,,,1,1,,,,,,,,2,,,,,,1,,,1,,,,,,,,,,-,,W,S
,5,,1.4,KSC,A,KILL,63,Warrior's Path,,,,1,,,,,,1,,,,,,,,,,,2,,1,,,1,,,,,,,,1,1,,,,-,,W,44
,6,,1.4,KSC,B,KSE,50,Crash Zone Alpha,,1,,,1,,,,,,1,1,,,,,,,,1,,,1,,,,,,1,,,,,1,,,,,-,,W,30
,7,,1.4,KSC,B,SQUAD,190,Sea of Fortune,,,1,,1,,,,,,,1,,,,1,,,,1,,,1,,,1,,,1,,,,,,,,,,-,,W,32
,8,,1.4,KSC,B,R-F,18,North,,1,,,1,,,,,,,1,,,,,,,,,1,,1,,,1,,,1,,,,,,1,,,,-,,L,-15
,9,,1.4,KSC,B,LARP,323,Crash Zone Alpha,,,,,1,,,,1,,,1,,,,,,,,1,,,2,,,,,,1,,,,,1,,,,,-,,W,30
,10,,1.4,KSC,B,DEV_X,353,Warrior's Path,,,1,,1,,,,,,,1,,,,,,,,,1,1,,1,,1,,,,,,,,1,,,,,-,,W,S
,11,,1.4,KSC,B,-BN-,9,Sea of Fortune,,,,1,1,,,,,,,1,,,,1,,,,,1,,1,,,,,,,,,,,1,1,,,,-,,L,S
,12,,1.4,KSC,B,STAR,88,Shards,,,1,,1,,,,,,,1,,,,1,,,,1,1,,,,,,,,,,,,,2,,,,,-,,L,S
,1,30/10,2.1,KSC,A,STW,31,Land of Fire,,,,1,1,,,,,,,1,,,,,,,,,2,,1,,,,,,,1,,,,1,,,,,-,,W,29
,2,,2.1,KSC,A,TNG,15,Hotspot,,1,,,1,,,,,,,2,,,,1,,,,,,,1,,,1,,,,,,,,1,,,,,-,,W,27
,3,,2.1,KSC,A,SCCC,3,North,,1,,,1,,,,,,,1,,,,,,,,,1,,1,,,,,,,1,,,,,2,,,,-,,W,31
,4,,2.1,KSC,A,PWP,4,Crash Zone Alpha,,,,,2,,,,,,,1,,,,,,,,1,1,,1,,,1,,,,,,,,1,,,,,-,,L,-17
,5,,2.1,KSC,A,TNG-3,48,Hotspot,,1,1,,,,,,,,1,,,,,,,,,,2,,1,,,,,,,1,,,,1,,,,,-,,L,-18
,6,,2.1,KSC,A,MIA,16,Sea of Fortune,,,,,2,,,,,,,1,,,,,,,,,,,2,,,,,,,1,,,,,2,,,,-,,L,-13
,7,,2.1,KSC,A,DES23,236,Shards,,1,,,1,,,,,,,2,,,,,,1,,,,,1,,,,,,1,,,,,1,,,,,-,,W,23
,8,,2.1,KSC,A,TASH,52,Crash Zone Alpha,,1,,,1,,,,,,,1,,,,,,,,2,,,1,,,,,,1,,,,,1,,,,,-,,W,23
,9,,2.1,KSC,B,TQL,53,Sea of Fortune,,1,,,1,,,,,,,1,,,,,,,,,1,,2,,,,,,,,,,,2,,,,,-,,L,-19
,10,,2.1,KSC,B,KNOTS,323,North,,,1,,1,,,,,,1,1,,1,,,,,,1,1,,1,,,,,,,,,,,,,,,,-,,W,S
,11,,2.1,KSC,B,-WTP-,56,Shards,,,,,,,,,,,,,,,,,,,,2,1,,1,,,,,,1,,,,1,,2,,,,-,,L,S
,12,,2.1,KSC,B,DES23,236,Warrior's Path,,1,,,1,,,,,,,2,,,,,,,,,2,,,,,1,,,1,,,,,,,,,,-,,W,S
,13,,2.1,KSC,B,R-F1,93,Hotspot,,1,,,1,,,,,,,,,,,,,,,,2,,2,,,,,,2,,,,,,,,,,-,,W,S
,14,,2.1,KSC,B,MIA,16,Land of Fire,,,,,2,,,,,,,1,,,,,,,,,,,2,,,,,,,1,,,,,2,,,,-,,W,43
,1,31/10,2.2,KSC,A,TRETA,90,North,,,,,1,,,,,1,,1,,,,,,,,,2,,1,,,,,,1,,,,,,1,,,,-,,L,-16
,2,,2.2,KSC,A,CVR,37,Warrior's Path,,,,,2,,,,,,,,,,,,,,,2,2,,1,,,,,,,,,,,,1,,,,-,,W,26
,3,,2.2,KSC,A,-BRS-,33,Sea of Fortune,,,,,2,,,,,,,1,,,,,,,,1,,,1,,,,,,,1,,,,,2,,,,-,,W,25
,4,,2.2,KSC,A,CRMSN,73,Land of Fire,,,,1,1,,,,,,,1,,1,,1,,,,,1,,,,,,,,1,1,,,,,,,,,-,,L,-19
,5,,2.2,KSC,A,-BN-,9,Hotspot,,1,,1,,,,,,,,1,,,,,,,,,1,,1,,,,,,,1,,,,,2,,,,-,,W,26
,6,,2.2,KSC,A,GAISHU,2,Sea of Fortune,,1,,,,,,,,,,,,,,,,,,,2,,,,,1,,,,,,,,,4,,,,-,,L,-13
,7,,2.2,KSC,A,SALVO,62,North,,1,1,,,,,,,,,,,,,1,,,,1,1,,,,,1,,,,1,,1,,,,,,,-,,W,21
,8,,2.2,KSC,A,CUTE,22,Warrior's Path,,1,,,1,,,,,,,,,,,1,,,,1,,,2,,,,,,,,1,,,1,,,,,-,,L,-18
,9,,2.2,KSC,A,CVR,37,Land of Fire,,,,,2,,,,,,,,,,,,,,,2,2,,1,,,,,,1,,,,,,,,,,-,,W,23
,10,,2.2,KSC,B,KSD,26,Shards,,,,,1,,,,,1,,1,,,,,,,,,1,,1,,,,,,,1,,,,,2,,,,-,,L,-16
,11,,2.2,KSC,B,R-R-R,75,Hotspot,,,,,2,,,,,,,1,,,,1,,,,,1,,1,,,1,,,,,,,,1,,,,,-,,W,27
,12,,2.2,KSC,B,PN,80,Land of Fire,,,,,2,,,,,,,,,,,,,,,1,1,,1,,,,,,,,1,,,,2,,,,-,,W,30
,13,,2.2,KSC,B,RMOVE,32,Shards,,1,,,,,,1,,,1,1,,,,,,,,,,,,,,,,,,,,1,,,3,,,,-,,W,27
,1,2/11,2.3,KSC,A,ARP,24,Warrior's Path,,,,,1,,,,1,,,,,,,,,,,1,2,,,,,,,,,1,,,,,2,,,,-,,W,23
,2,,2.3,KSC,A,TRETA,90,Land of Fire,,,,,1,1,,,,,,1,1,,,1,,,,,,,1,,,2,,,,,,,,,,,,,-,,W,18
,3,,2.3,KSC,A,CUTER,8,Sea of Fortune,,,,,2,,,,,,,1,,,,,,,,1,1,,1,,,,,,,1,,,,1,,,,,-,,L,-17
,4,,2.3,KSC,A,QCN,176,Warrior's Path,,,,,1,,,,,1,,1,,,,1,,,,,1,,,,,,,,,1,,,,,2,,,,-,,W,18
,5,,2.3,KSC,A,GAISHU,2,Hotspot,,,,,1,,,,,,,,,,,,,,,,2,,,,,1,,,,,,,,,4,,,,-,,L,-10
,6,,2.3,KSC,A,-BRS-,33,Warrior's Path,,1,,,1,,,,,,,1,,,,,,,,,1,,2,,,,,,,1,,,,1,,,,,-,,W,21
,7,,2.3,KSC,A,TRETA,90,Crash Zone Alpha,,,,,2,,,,,,,1,,1,,,,,,,2,,,,,,,,,,,,,1,1,,,,-,,W,24
,8,,2.3,KSC,A,-TH-,4,Land of Fire,,,,1,1,,,,,,,,,,,1,,,,1,,,,,,,,,,,,,,,4,,,,-,,W,23
,9,,2.3,KSC,B,-TH-,4,Hotspot,,,,1,1,,,,,,,1,,,,1,,,,1,,,1,,,1,,,,,,,,,1,,,,-,,W,32
,10,,2.3,KSC,B,-WTP-,56,Crash Zone Alpha,,,,,1,,,,,,,,,,,,,,,,2,,2,,,,,,,,,,1,,2,,,,-,,W,21
,11,,2.3,KSC,B,MIA,16,Land of Fire,,,,,2,,,,,,,1,,,,,,,,,,,2,,,,,,,1,,,,,2,,,,-,,W,29
,12,,2.3,KSC,B,STAR,88,Shards,,1,1,,,,,,,,1,1,,,,,,,,1,1,,,,,,,,,,,,,2,,,,,-,,W,25
,13,,2.3,KSC,B,AP,12,Crash Zone Alpha,,,1,,1,,,,,,,2,,,,,,,,,2,,1,,,,,,,1,,,,,,,,,-,,W,23
,14,,2.3,KSC,B,NGAGE,6,Sea of Fortune,,1,,,1,,,,,,1,,,,,,,,,1,,,2,,,,,,,1,,,,,1,,,,-,,W,22
,15,,2.3,KSC,B,TQL,53,Shards,,1,,,1,,,,,,,1,,,,,,,,1,1,,1,,,,,,,,,,,2,,,,,-,,L,-22
,16,,2.3,KSC,B,-K-,11,Crash Zone Alpha,,,,,2,,,,,,,,,,,,,,,2,,,1,,,,,,,1,,,,2,,,,,-,,L,-17
,17,,2.3,KSC,B,MIA,16,Land of Fire,,,,,1,,,,,,,1,,,,,,,,,1,,1,,,1,,,,1,,,,,2,,,,-,,L,-17
,18,,2.3,KSC,B,SORRY,133,Hotspot,,,,,2,,,,,,,1,,,,,,,,,2,,1,,,1,,,,,,,,1,,,,,-,,W,23
,19,,2.3,KSC,B,-TH-,4,Warrior's Path,,,,,1,,,1,,,,,,,,1,,,,1,,,,,,,,,,,,,,,4,,,,-,,L,-19
,20,,2.3,KSC,B,ES,120,North,,,,,1,,,,,1,,,,1,,,,,,,3,,,,,,,,,,1,,,1,,,,,-,,L,-23
,21,,2.3,KSC,B,PWP,4,Sea of Fortune,,,,,1,,1,,,,,1,,,,1,,,,,1,,1,,,,,,,,,,,2,,,,,-,,L,-14
,22,,2.3,KSC,B,KUMA,60,Hotspot,,,,,1,,1,,,,,1,,,,,,,,,1,,2,,,,,,,,1,,1,,,,,,-,,W,22
,1,3/11,2.4,KSC,B,R-F,18,Crash Zone Alpha,,1,,,1,,,,,,1,1,,,,,,,,,,,2,,,,,,1,1,,,,,,,,,-,,L,-20
,2,,2.4,KSC,B,PSV,10,Shards,,1,,,1,,,,,,,1,,,,,,,,1,,,2,,,,,,,1,,,,1,,,,,-,,L,-19
,3,,2.4,KSC,B,STURM,97,North,,,,,1,,,,1,,,1,,1,,,,,,,1,,,,,,,,,1,,1,,1,,,,,-,,W,19
,4,,2.4,KSC,B,NNC,43,Hotspot,,,,,1,,,1,,,,1,,,,,,,,1,,,1,,,1,,,,,,,,,2,,,,-,,L,-20
,5,,2.4,KSC,B,TNG,15,North,,,,,2,,,,,,,,,,,1,,,,1,1,,,,,,,,,,,,,1,2,,,,-,,L,-14
,6,,2.4,KSC,B,SUR,98,Crash Zone Alpha,,,,1,,,,1,,,,1,,,,,,,,1,,,1,1,,,,,,,,,1,,1,,,,-,,W,22
,7,,2.4,KSC,B,ARP,24,Land of Fire,,,,,2,,,,,,,1,,,,1,,,,,1,,1,,,,,,,,,,,2,,,,,-,,W,18
,8,,2.4,KSC,B,ES,120,Sea of Fortune,,1,,,1,,,,,,1,,,,,1,,,,,2,,,,,,,,1,,1,,,,,,,,-,,W,19
,9,,2.4,KSC,B,CUTER,8,Crash Zone Alpha,,,,,1,,,,,1,,1,,,,,,,,1,1,,1,,,,,,,1,,,,,1,,,,-,,L,-16
,10,,2.4,KSC,B,R-F,18,Shards,,,,,1,,,1,,,,1,,,,,,,,,1,,2,,,,,,,1,,,,1,,,,,-,,W,25
,11,,2.4,KSC,B,KUMA,60,Hotspot,,,,,1,,1,,,,,1,,,,1,,,,,1,,1,,,,,,,,1,,,1,,,,,-,,W,19
,12,,2.4,KSC,B,PWP,4,Crash Zone Alpha,,,,,2,,,,,,,1,,,,1,,,,,1,,1,,,,,,,,,,,2,,,,,-,,W,28
,13,,2.4,KSC,B,KSD,26,Sea of Fortune,,,,,2,,,,,,,1,,,,,,,,1,,,1,,,1,,,,,,,,,2,,,,-,,L,-23
,14,,2.4,KSC,B,BOTES,17,North,,,1,,,,,,,,,,,,,,,,,1,1,,3,,,2,,,,,,,,,,,,,-,,L,-18
,15,,2.4,KSC,B,CUTER,8,Hotspot,,,,,1,,,,,1,,1,,,,,,,,1,1,,1,,,,,,,1,,,,,1,,,,-,,W,28
,1,6/11,3.1,KSC,B,SYN,170,Crash Zone Alpha,,1,,,1,,,,,,,,,,,,,,,,2,,,,,,,,,1,,,,,3,,,,-,,L,-19
,2,,3.1,KSC,B,KWA,69,North,,,,1,,,,,,,2,1,,,,,,,,,2,,,,,1,,,,,,,,1,,,,,-,,W,19
,3,,3.1,KSC,B,ADOPT,30,Sea of Fortune,,,,,2,,,,,,,,,,,,,,,2,,,,,,,,,,1,,,,,3,,,,-,,L,-19
,4,,3.1,KSC,B,PN,80,Hotspot,,1,,,1,,,,,,,,,,,,,,,,2,,,,,,,,,,1,,,,3,,,,-,,L,-20
,5,,3.1,KSC,B,CUTE,22,Warrior's Path,,,,,1,,,,1,,,,,,,1,,,,1,1,,,,,,,,,1,,,,,2,,,,-,,W,24
,6,,3.1,KSC,B,QQ7,20,Sea of Fortune,,1,,,1,,,,,,,,,,,,,,,1,1,,2,,,1,,,,,,,,,1,,,,-,,W,21
,7,,3.1,KSC,B,CVR,37,Warrior's Path,,1,,,1,,,,,,,,,,,2,,,,1,2,,,,,,,,1,,,,,,,,,,-,,W,18
,8,,3.1,KSC,B,TNG,15,Sea of Fortune,,,,,2,,,,,,,,,,,1,,,,1,1,,,,,,,,,,,,,1,2,,,,-,,L,-14
,9,,3.1,KSC,B,SYN,170,North,,1,,,1,,,,,,,,,,,,,,,,2,,,,,,,,,1,,,,,3,,,,-,,L,-19
,10,,3.1,KSC,B,QCN,176,Hotspot,,,,,1,,,,,1,,1,,,,1,,,,,1,,,,,,,,,1,,,,,2,,,,-,,W,20
,11,,3.1,KSC,B,PWP,4,Crash Zone Alpha,,,,,1,,1,,,,,1,,,,1,,,,,1,,1,,,1,,,,,,,,1,,,,,-,,L,-14
,12,,3.1,KSC,B,FORM,51,Land of Fire,,,,,1,,,,,1,1,1,,,,1,,,,,1,,,,,1,,,,,,,,1,,,,,-,,W,21
,13,,3.1,KSC,B,R-F1,93,Sea of Fortune,,1,,,1,,,,,,,1,,,,,,,,,1,,1,,,,,,1,,,,,,2,,,,-,,L,-21
,14,,3.1,KSC,B,MIA,16,Crash Zone Alpha,,,,,1,,,,,,,,,,,,,,,,2,,2,,,1,,,,,,,,,2,,,,-,,L,-19
,15,,3.1,KSC,B,SYN,170,Sea of Fortune,,1,,,1,,,,,,,,,,,,,,,,2,,,,,,,,,1,,,,,3,,,,-,,W,25
,16,,3.1,KSC,B,NNC,43,Land of Fire,,,,,1,,,1,,,,1,,,,,,,,1,,,1,,,1,,,,,,,,,2,,,,-,,W,21
,17,,3.1,KSC,B,R-F,18,Warrior's Path,,1,,,,,,1,,,,1,,,,,,,,,1,,1,,,,,,,1,,,,,2,,,,-,,W,23
,18,,3.1,KSC,B,UR,14,Crash Zone Alpha,,,,,1,,,1,,,,1,,,,,,,,,1,,2,,,1,,,,,,,,1,,,,,-,,L,-20
,1,7/11,3.2,KSC,B,MIA,16,Shards,,,,,1,,,,,,,,,,,,,,,,1,,1,,,1,,,,,,,,,4,,,,-,,L,-17
,2,,3.2,KSC,B,PSV,10,Sea of Fortune,,1,,,1,,,,,,,1,,,,,,,,1,,,2,,,,,,,1,,,,1,,,,,-,,L,-15
,3,,3.2,KSC,B,BS,106,Crash Zone Alpha,,,,,2,,,,,,,1,,,,1,,,,,1,,1,,,,,,1,,,,,,1,,,,-,,W,24
,4,,3.2,KSC,B,KSD,26,Hotspot,,,,,2,,,,,,,1,,,,,,,,1,,,1,,,1,,,,,,,,,2,,,,-,,L,-18
,5,,3.2,KSC,B,STW,31,Sea of Fortune,,,,,2,,,,,,,1,,1,,,,1,,,1,,,,,,,,,1,,,,1,,,,,-,,W,20
,6,,3.2,KSC,B,CVR,37,Crash Zone Alpha,,1,,,1,,,,,,,,,,,1,,,,2,1,,,,,,,,1,,,,,,1,,,,-,,L,-19
,7,,3.2,KSC,B,CUTE,22,Land of Fire,,,,,1,,,,1,,,,,,,,,,,2,1,,1,,,,,,,,,,,1,1,,,,-,,W,20
,8,,3.2,KSC,B,5D2,118,North,,,1,,1,,,,,,,1,,,,,,,,,1,1,1,,,,,,1,,,,,1,,,,,-,,W,18
,9,,3.2,KSC,B,DES23,236,Land of Fire,,2,,,,,,,,,1,,,,,,,,,,2,,1,,,,,,,,,,1,1,,,,,-,,W,19
,10,,3.2,KSC,B,TASH,52,Warrior's Path,,1,,,,,,,,,,,,,,,,,,1,1,,,,,,,,1,,,,,,4,,,,-,,W,S
,11,,3.2,KSC,A,O7,1,Shards,,1,,,,,,,,,,,,,,,,,,1,2,,2,,,1,,,,,,,,1,,,,,-,,L,-12
,1,9/11,3.3,KSC,A,PWP,4,Hotspot,,,,,1,,1,,,,,1,,,,1,,,,,1,,1,,,,,,,,,,,2,,,,,-,,L,-15
,2,,3.3,KSC,A,FIES,43,Sea of Fortune,,1,,,1,,,,,,,1,,,,1,,,,,2,,,,,,,,,,,,,1,1,,,,-,,W,23
,3,,3.3,KSC,A,UR,14,Shards,,,,,1,,,1,,,,1,,,,,,,,1,1,,1,,,,,,,1,,,,1,,,,,-,,W,S
,4,,3.3,KSC,A,SORRY,133,Crash Zone Alpha,,,,,2,,,,,,,1,,,,,,,,,2,,1,,,,,,1,1,,,,,,,,,-,,L,S
,5,,3.3,KSC,A,PWP,4,Warrior's Path,,,,,1,,1,,,,,1,,,,1,,,,,1,,1,,,1,,,,,,,,1,,,,,-,,L,S
,6,,3.3,KSC,A,R-F1,93,North,,1,,,1,,,,,,,1,,,,,,,,,1,,1,,,,,,1,,,,,,2,,,,-,,W,S
,7,,3.3,KSC,A,O7,1,Hotspot,,1,,,,,,,,,,,,,,,,,,1,2,,2,,,1,,,,,,,,1,,,,,-,,W,S
,8,,3.3,KSC,A,AP,12,Shards,,,,,2,,,,,,,1,,,,,,,,1,,,2,,,1,,,,,,,,1,,,,,-,,W,37
,9,,3.3,KSC,B,KILL,63,Shards,,,,,2,,,,,,,,,,,,,1,,2,,,1,,,,,,,1,,,,1,,,,,-,,W,S
,10,,3.3,KSC,B,CCTV2,111,Warrior's Path,,,,,1,,,,,1,,1,,,,,,,,1,1,,1,,,,,,,1,,,,1,,,,,-,,W,S
,11,,3.3,KSC,B,SCCC,3,Hotspot,,,,,1,,,,,,,,,,,,,,,,2,,,,,1,,,,,,,,,4,,,,-,,L,S
,12,,3.3,KSC,B,MIA,16,Sea of Fortune,,,,,1,,,,,,,,,,,,,,,,1,,2,,,1,,,,,,,,1,2,,,,-,,W,48
,13,,3.3,KSC,B,OVO,91,Land of Fire,,,,,2,,,,,,,1,,,,1,,,,,2,,,,,1,,,,,,,,1,,,,,-,,W,19
,14,,3.3,KSC,B,CAMP,26,Sea of Fortune,,1,,,1,,,,,,,1,,,,,,1,,,2,,,,,,,,,1,,,,1,,,,,-,,L,-16
,15,,3.3,KSC,B,SCCC,3,Crash Zone Alpha,,,,,1,,,,,,,,,,,,,,,,2,,,,,1,,,,,,,,,4,,,,-,,L,-16
,16,,3.3,KSC,B,PEEDZ,38,Shards,,1,,,1,,,,,,,,,,,,,,,,2,,1,,,1,,,,,,,,,2,,,,-,,L,-19
,17,,3.3,KSC,B,TQL,53,Warrior's Path,,,,,2,,,,,,,,,,,,,,,1,1,,2,,,,,,,,,,,2,,,,,-,,L,S
,18,,3.3,KSC,B,O7,1,Sea of Fortune,,1,,,,,,,,,,,,,,,,1,,1,2,,1,,,1,,,,,,,,1,,,,,-,,L,S
,19,,3.3,KSC,B,5D,45,Shards,,,,,1,1,,,,,1,1,,,,,,,,1,,1,,,,1,,,,,1,,,,,,,,-,,L,S
,20,,3.3,KSC,B,AP,12,Land of Fire,,,,,2,,,,,,,1,,,,,,,,1,,,2,,,,,,,1,,,,1,,,,,-,,L,-40
,1,10/11,3.4,KSC,B,R-F1,93,Crash Zone Alpha,,1,,,1,,,,,,,1,,,,,,,,,1,,1,,,,,,1,,,,,,2,,,,-,,L,-21
,2,,3.4,KSC,B,TNG-3,48,North,,1,,,1,,,,,,,1,,,,,,,,,1,,,,,,,,1,,,,,1,2,,,,-,,W,21
,3,,3.4,KSC,B,PSV,10,Hotspot,,1,,,1,,,,,,,1,,,,,,,,1,,,2,,,,,,1,,,,,1,,,,,-,,L,-17
,4,,3.4,KSC,B,TRETA,90,Shards,,,,,2,,,,,,,1,,,,1,,,,,2,,,,,,,,,,,,1,1,,,,,-,,W,22
,5,,3.4,KSC,B,BLEP,96,Crash Zone Alpha,,1,,,1,,,,,,,,,,,2,,,,2,,,,,,,,,2,,,,,,,,,,-,,W,19
,6,,3.4,KSC,B,QQ7,20,Warrior's Path,,,1,,,,,,,,,1,,,,,,,,2,,,2,,,1,,,,,,,1,,,,,,-,,L,-22
,7,,3.4,KSC,B,PN,80,Hotspot,,1,,,1,,,,,,,,,,,,,,,,2,,,,,,,,1,,,,,,3,,,,-,,L,-17
,8,,3.4,KSC,B,KSD,26,North,,,,,1,,,1,,,,1,,,,,,,,,1,,1,,,,,,1,,,,,,2,,,,-,,W,22
,9,,3.4,KSC,B,TQL,53,Shards,,,,,2,,,,,,,,,,,,,,,,,,,,,,,,,,,1,,1,4,,,,-,,W,24
,10,,3.4,KSC,B,KILL,63,Land of Fire,,,,,2,,,,,,1,1,,,,,,,,,1,,2,,,,,,,,,,1,,,,,,-,,W,S
,11,,3.4,KSC,B,CUTE,22,North,,,,,1,,1,,,,,,,,,1,,,,2,,,1,,,,,,,1,,,,,1,,,,-,,L,S
,12,,3.4,KSC,B,CVR,37,Hotspot,,1,,,1,,,,,,,,,,,1,,,,2,2,,,,,,,,1,,,,,,,,,,-,,W,S
,13,,3.4,KSC,B,-K-,11,Crash Zone Alpha,,,,,1,,,1,,,,,,,,,,,,1,1,,1,,,,,,,1,,,,,2,,,,-,,L,S
,14,,3.4,KSC,B,STAR,88,Sea of Fortune,,,1,,1,,,,,,,,,,,,,,,1,2,,1,,,,,,,1,,,,1,,,,,-,,W,S
,15,,3.4,KSC,B,STW,31,North,,,1,,1,,,,,,,1,,,,1,,,,1,1,,,,,,,,1,1,,,,,,,,,-,,W,45
,1,,4.1,KSC,B,-TXT-,42,Sea of Fortune,,,,,2,,,,,,,1,,,,,,1,,,1,,1,,,1,,,1,,,,,,,,,,-,,W,19
,2,,4.1,KSC,B,R-F,18,Shards,,1,,,1,,,,,,,,,,,1,,,,,3,,,,,,,,,,,,,1,1,,,,-,,W,19
,3,,4.1,KSC,B,RNG,35,Crash Zone Alpha,,1,,,1,,,,,,,,,,,,2,,,,1,,1,,,1,,,,,,,,1,,,,,-,,L,-19
,4,,4.1,KSC,B,-BN-,9,North,,,,,1,,,,,,,,,,,,,,,,2,,,,,1,,,,,,,,,4,,,,-,,W,24
,5,,4.1,KSC,B,NGAGE,6,Shards,,1,,,1,,,,,,,,1,,,,,,,1,,,2,,,,,,2,,,,,,,,,,-,,L,-19
,6,,4.1,KSC,B,QCN,176,North,,,,,1,,,,,1,,1,,,,1,,,,,1,,,,,,,,,1,,,,1,1,,,,-,,W,18
,7,,4.1,KSC,B,PN,80,Hotspot,,1,,,1,,,,,,,,,,,,1,,,,1,,,,,,,,,,1,,,,3,,,,-,,W,22
,8,,4.1,KSC,B,-B2P-,23,Warrior's Path,,,,,,,,,,2,,,,,,1,1,,,1,1,,,,,1,,,,1,,,,,,,,,-,,L,-24
,9,,4.1,KSC,B,DENY,100,Land of Fire,,,,1,1,,,,,,,,,,,,1,,,1,2,,,,,,,,,1,,,,,1,,,,-,,W,15
,10,,4.1,KSC,B,TNG,15,Sea of Fortune,,,,,2,,,,,,,,,,,1,,,,1,1,,,,,,,,,,,,,1,2,,,,-,,W,22
,11,,4.1,KSC,B,GAISHU,2,Shards,,,,,1,,,,,,,,,,,,,,,,2,,,,,1,,,,,,,,,4,,,,-,,L,-6
,12,,4.1,KSC,B,UR,14,North,,,,,1,,,1,,,,1,,,,,,,,,2,,1,,,,,,,1,,,,1,,,,,-,,W,23
,13,,4.1,KSC,B,NNC,43,Warrior's Path,,,,,,,,,1,1,,,,,,,,,,1,,,1,,,1,,,,,,,,,3,,,,-,,L,-25
,14,,4.1,KSC,B,R-R-R,75,Hotspot,,,,,2,,,,,,,1,,,,,,,,,1,,2,,,,,,1,,,,,1,,,,,-,,W,17
,15,,4.1,KSC,B,MIA,16,Sea of Fortune,,,,,1,,,,,,,,,,,,1,,,,1,,2,,,1,,,,,,,,1,1,,,,-,,L,-21
,16,,4.1,KSC,B,CUTE,22,Land of Fire,,,,,1,,,,1,,,,,,,,3,,,1,,,,,,,,,,1,,,,1,,,,,-,,W,20
,1,,4.2,KSC,B,SUR,98,Hotspot,,,1,,,,,1,,,,1,,,,,,,,1,,,1,,,,,,,,,,,,3,,,,-,,L,-26
,2,,4.2,KSC,B,-TXT-,42,Warrior's Path,,1,,,1,,,,,,,1,,,,,,1,,1,,,1,,,,,,,1,,,,1,,,,,-,,L,-22
,3,,4.2,KSC,B,PN,80,Sea of Fortune,,1,,,,,,,,,,,,,,,2,,,,1,,,,,,,,1,,,,,,3,,,,-,,W,20
,4,,4.2,KSC,B,SALVO,62,North,,1,,,1,,,,,,,,,,,1,,,,1,1,,1,,,1,,,,1,,,,,,,,,-,,W,16
,5,,4.2,KSC,B,OO7,13,Land of Fire,,,,,2,,,,,,,,,,,,,,,,2,,2,,,,,,,1,,,,1,,,,,-,,W,22
,6,,4.2,KSC,B,NEON,79,Crash Zone Alpha,,,,,2,,,,,,,,,,,,,,,,1,,1,,,1,,,,,,1,,,2,,,,-,,L,27
,7,,4.2,KSC,B,RNG,35,Sea of Fortune,,1,,,1,,,,,,,,,,,,,,,,1,,2,,,1,,,,,,,,1,1,,,,-,,L,-22
,8,,4.2,KSC,B,KAG,57,Hotspot,,1,,,1,,,,,,,,,,,1,,,,1,1,,1,,,1,,,,,,,,,1,,,,-,,W,16
,9,,4.2,KSC,B,-MM-,95,Shards,,1,,,1,,,,,,,1,,,,,,1,,1,1,,,,,,,,1,1,,,,,,,,,-,,W,17
,10,,4.2,KSC,B,PWP,4,Crash Zone Alpha,,,,,2,,,,,,,1,,,,,,,,,2,,1,,,1,,,,,,,,1,,,,,-,,L,-24
,11,,4.2,KSC,B,STW,31,Warrior's Path,,1,,,1,,,,,,,1,,,,,,,,1,1,,1,,,,,,,2,,,,,,,,,-,,L,-22
,12,,4.2,KSC,B,KUMA,60,North,,,,,1,,1,,,,,1,,,,1,,,,,1,,1,,,,,,,1,1,,,,,,,,-,,W,20
,,,,,,,.,,,,,,,,,,,,,,,,,,,,,,,,,,,,,,,,,,,,,,,,.,,,
,,,,,,,.,,,,,,,,,,,,,,,,,,,,,,,,,,,,,,,,,,,,,,,,.,,,
,,,,,,,.,,,,,,,,,,,,,,,,,,,,,,,,,,,,,,,,,,,,,,,,.,,,
,,,,,,,.,,,,,,,,,,,,,,,,,,,,,,,,,,,,,,,,,,,,,,,,.,,,
,,,,,,,.,,,,,,,,,,,,,,,,,,,,,,,,,,,,,,,,,,,,,,,,.,,,
,,,,,,,.,,,,,,,,,,,,,,,,,,,,,,,,,,,,,,,,,,,,,,,,.,,,
,,,,,,,.,,,,,,,,,,,,,,,,,,,,,,,,,,,,,,,,,,,,,,,,.,,,
,,,,,,,.,,,,,,,,,,,,,,,,,,,,,,,,,,,,,,,,,,,,,,,,.,,,
,,,,,,,.,,,,,,,,,,,,,,,,,,,,,,,,,,,,,,,,,,,,,,,,.,,,
,,,,,,,.,,,,,,,,,,,,,,,,,,,,,,,,,,,,,,,,,,,,,,,,.,,,
,,,,,,,.,,,,,,,,,,,,,,,,,,,,,,,,,,,,,,,,,,,,,,,,.,,,
,,,,,,,.,,,,,,,,,,,,,,,,,,,,,,,,,,,,,,,,,,,,,,,,.,,,
,,,,,,,,,,,,,,,,,,,,,,,,,,,,,,,,,,,,,,,,,,,,,,,,,,
,,,,,,,,,,,,,,,,,,,,,,,,,,,,,,,,,,,,,,,,,,,,,,,,,,
,,,,,,,,,,,,,,,,,,,,,,,,,,,,,,,,,,,,,,,,,,,,,,,,,,
,,,,,,,,,,,,,,,,,,,,,,,,,,,,,,,,,,,,,,,,,,,,,,,,,,
,,,,,,,,,,,,,,,,,,,,,,,,,,,,,,,,,,,,,,,,,,,,,,,,,,
,,,,,,,,,,,,,,,,,,,,,,,,,,,,,,,,,,,,,,,,,,,,,,,,,,
,,,,,,,,,,,,,,,,,,,,,,,,,,,,,,,,,,,,,,,,,,,,,,,,,,
,,,,,,,,,,,,,,,,,,,,,,,,,,,,,,,,,,,,,,,,,,,,,,,,,,
,,,,,,,,,,,,,,,,,,,,,,,,,,,,,,,,,,,,,,,,,,,,,,,,,,
,,,,,,,,,,,,,,,,,,,,,,,,,,,,,,,,,,,,,,,,,,,,,,,,,,
,,,,,,,,,,,,,,,,,,,,,,,,,,,,,,,,,,,,,,,,,,,,,,,,,,
,,,,,,,,,,,,,,,,,,,,,,,,,,,,,,,,,,,,,,,,,,,,,,,,,,
,,,,,,,,,,,,,,,,,,,,,,,,,,,,,,,,,,,,,,,,,,,,,,,,,,
,,,,,,,,,,,,,,,,,,,,,,,,,,,,,,,,,,,,,,,,,,,,,,,,,,
,,,,,,,.,,,,,,,,,,,,,,,,,,,,,,,,,,,,,,,,,,,,,,,,.,,,
,,,,,,,.,,,,,,,,,,,,,,,,,,,,,,,,,,,,,,,,,,,,,,,,.,,,
,,,,,,,.,,,,,,,,,,,,,,,,,,,,,,,,,,,,,,,,,,,,,,,,.,,,
,,,,,,,.,,,,,,,,,,,,,,,,,,,,,,,,,,,,,,,,,,,,,,,,.,,,
,,,,,,,.,,,,,,,,,,,,,,,,,,,,,,,,,,,,,,,,,,,,,,,,.,,,
,,,,,,,.,,,,,,,,,,,,,,,,,,,,,,,,,,,,,,,,,,,,,,,,.,,,
,,,,,,,.,,,,,,,,,,,,,,,,,,,,,,,,,,,,,,,,,,,,,,,,.,,,
,,,,,,,.,,,,,,,,,,,,,,,,,,,,,,,,,,,,,,,,,,,,,,,,.,,,
,,,,,,,.,,,,,,,,,,,,,,,,,,,,,,,,,,,,,,,,,,,,,,,,.,,,
,,,,,,,.,,,,,,,,,,,,,,,,,,,,,,,,,,,,,,,,,,,,,,,,.,,,
,,,,,,,.,,,,,,,,,,,,,,,,,,,,,,,,,,,,,,,,,,,,,,,,.,,,
,,,,,,,.,,,,,,,,,,,,,,,,,,,,,,,,,,,,,,,,,,,,,,,,.,,,
,,,,,,,.,,,,,,,,,,,,,,,,,,,,,,,,,,,,,,,,,,,,,,,,.,,,
,,,,,,,.,,,,,,,,,,,,,,,,,,,,,,,,,,,,,,,,,,,,,,,,.,,,
,,,,,,,.,,,,,,,,,,,,,,,,,,,,,,,,,,,,,,,,,,,,,,,,.,,,
,,,,,,,.,,,,,,,,,,,,,,,,,,,,,,,,,,,,,,,,,,,,,,,,.,,,
,,,,,,,.,,,,,,,,,,,,,,,,,,,,,,,,,,,,,,,,,,,,,,,,.,,,
,,,,,,,.,,,,,,,,,,,,,,,,,,,,,,,,,,,,,,,,,,,,,,,,.,,,
,,,,,,,.,,,,,,,,,,,,,,,,,,,,,,,,,,,,,,,,,,,,,,,,.,,,
,,,,,,,.,,,,,,,,,,,,,,,,,,,,,,,,,,,,,,,,,,,,,,,, ,,,
,,,,,,,.,,,,,,,,,,,,,,,,,,,,,,,,,,,,,,,,,,,,,,,,,,,
,,,,,,,.,,,,,,,,,,,,,,,,,,,,,,,,,,,,,,,,,,,,,,,,,,,
,,,,,,,,,KSD,,,,,,,,,,,,,,,,,,,,,,,,,,,,,,,,,,,,,,,,,
,,,,,,,.,,,,,,,,,,,,,,,,,,,,,,,,,,,,,,,,,,,,,,,,,,,
,.,,,,,,.,,,,,,,,,,,,,,,,,,,,,,,,,,,,,,,,,,,,,,,,,,,
,1,23/10,1.1,KSD,A,TNG,15,Hotspot,br4in6,1,,,1,,,,,,,2,,,,1,,,,,,,1,,,,,,,1,,,,1,,,,,-,,L,-26
,2,,1.1,KSD,A,WISCO,342,Sea of Fortune,br4in6,,1,,1,,,,,,,2,,,,1,,,,,,,1,,,,,,1,,,,,1,,,,,-,,W,30
,3,,1.1,KSD,A,ES,120,Warrior's Path,br4in6,1,1,,,,,,,,1,1,,,,1,,,,1,1,1,,,,,,,,,,,,,,,,,-,,W,28
,4,,1.1,KSD,A,UDEAD,74,North,br4in6,,1,,,,,,,1,,2,,1,,1,,,,,,,1,,,,,,1,,,,,,,,,,-,,W,28
,5,,1.1,KSD,A,-SCL-,356,Crash Zone Alpha,br4in6,1,1,,,,,,,,,2,,,,,,,,,,,1,,,1,,,,,,,,1,1,,,,-,,W,30
,6,,1.1,KSD,A,PHU,102,Shards,br4in6,,,,2,,,,,,,,,,,,,,,1,2,,1,,,,,,,,,,,2,,,,,-,,L,-19
,7,,1.1,KSD,A,SUR,98,Warrior's Path,br4in6,1,,,,,,,,1,,1,,1,,,,,,1,,,1,,,,,,,,,,1,,1,,,,-,,L,-18
,8,,1.1,KSD,A,GROGS,167,North,br4in6,,1,,1,,,,,,,1,,1,,,,,,1,1,,,,,,,,,1,,,1,,,,,,-,,W,28
,9,,1.1,KSD,A,SAA,229,Sea of Fortune,br4in6,,,,1,,,,1,,,2,,,,1,,,,,1,,1,,,,,,,,,,1,,,,,,-,,W,S
,10,,1.1,KSD,A,-WTP-,56,Crash Zone Alpha,br4in6,,,,2,,,,,,,,,,,,,,,,1,1,2,,,,,,1,,,,1,,,,,,-,,W,S
,11,,1.1,KSD,A,MIA,16,North,br4in6,,,,2,,,,,,,1,,,,,,1,,,1,,1,,,,,,,1,,,,1,,,,,-,,L,S
,12,,1.1,KSD,B,SKDSH,305,Sea of Fortune,br4in6,,,,1,1,,,,,,1,1,,,1,,,,,1,,1,,,1,,,,,,,,,,,,,-,,L,-29
,13,,1.1,KSD,B,TIRP,376,Hotspot,br4in6,,2,,,,,,,,,,2,1,,,,,,,,,2,,,1,,,,,,,,,,,,,-,,W,31
,14,,1.1,KSD,B,-BN-,9,Land of Fire,br4in6,,,1,1,,,,,,,,1,,,1,,,,,1,,1,,,,,,,,,,,1,1,,,,-,,W,31
,15,,1.1,KSD,B,CUTE,22,Hotspot,br4in6,1,,,1,,,,,,,,,,,,,,,1,,,3,,,1,,,,,,,,,1,,,,-,,L,-24
,1,24/10,1.2,KSD,B,XBRTC,341,Warrior's Path,br4in6,,1,,1,,,,,,,1,,,,,,,,,2,,1,,,,,,2,,,,,,,,,,-,,W,28
,2,,1.2,KSD,B,WHARF,232,Shards,br4in6,,1,,1,,,,,,,2,,,,,,,,1,,,1,,,2,,,,,,,,,,,,,-,,W,S
,3,,1.2,KSD,B,KWA,69,Land of Fire,br4in6,,,1,1,,,,,,1,1,,,,,,,,,,,1,,,1,,,1,,,,,,1,,,,-,,W,S
,4,,1.2,KSD,B,CRMSN,73,North,br4in6,,1,,1,,,,,,,1,,,,1,,,,,,1,1,,,,,,1,,1,,,,,,,,-,,W,S
,5,,1.2,KSD,B,-TXT-,42,Shards,br4in6,1,,,1,,,,,,,1,,,,,,1,,1,1,,,,,,,,1,,,,,1,,,,,-,,W,51
,6,,1.2,KSD,B,ADOPT,30,Hotspot,br4in6,,,,2,,,,,,,1,,,,,,,,1,1,,1,,,1,,,,1,,,,,,,,,-,,L,-19
,7,,1.2,KSD,A,R-F,18,North,br4in6,,,,2,,,,,,,1,,,,,,,,,1,,1,,,,,,,1,,,,,2,,,,-,,L,S
,8,,1.2,KSD,A,TQL,53,Sea of Fortune,br4in6,1,,,1,,,,,,,1,,,,,,,,,2,,1,,,1,,,,,,,,1,,,,,-,,L,-22
,9,,1.2,KSD,A,SQUAD,190,Warrior's Path,br4in6,,1,,1,,,,,,,,,,,1,,,,1,1,,1,,,,,,2,,,,,,,,,,-,,W,S
,10,,1.2,KSD,A,BOTES,17,North,br4in6,1,,,1,,,,,,,2,,,,,,,,,1,,,,,1,,,,,,,,1,1,,,,-,,L,S
,11,,1.2,KSD,A,L0B0S,269,Crash Zone Alpha,br4in6,1,,,1,,,,,,1,3,,,,,,,,,,,,,,,,,1,,,,1,,,,,,-,,W,S
,12,,1.2,KSD,A,CUTIE,76,Shards,br4in6,,,,1,,1,,,,,,,,,,,,,1,1,1,1,,,1,,,,,,,,1,,,,,-,,W,S
,13,,1.2,KSD,A,FORM,51,Land of Fire,br4in6,,,,1,,,,,1,1,1,,,,1,,,,,1,,1,,,1,,,,,,,,,,,,,-,,W,42
,14,,1.2,KSD,A,-K-,11,Warrior's Path,br4in6,,,,1,,,1,,,,1,,,,,,,,,1,,1,,2,,,,,,1,,,,,,,,-,,L,-13
,1,26/10,1.3,KSD,A,MTP,252,Crash Zone Alpha,br4in6,1,1,,,,,,,,1,2,,,,,,,,,1,,,,,,,,1,,,,,,,,,1,-,,W,32
,2,,1.3,KSD,A,TASH,52,Sea of Fortune,br4in6,1,,,1,,,,,,,1,,,,,,,,1,1,,1,,,,,,,,,,,1,1,,,,-,,W,30
,3,,1.3,KSD,A,-BRS-,33,Hotspot,br4in6,,,,2,,,,,,,1,,,,,,1,,1,,,1,,,,,,,2,,,,,,,,,-,,W,30
,4,,1.3,KSD,A,MIA,16,Warrior's Path,br4in6,1,,,1,,,,,,,2,,,,2,,,,,,,,,,,,,,,,,1,,1,,,,-,,W,29
,5,,1.3,KSD,A,-TXT-,42,Sea of Fortune,br4in6,2,,,,,,,,,,1,,,,,,,,,2,,1,,,1,,,,,,,,1,,,,,-,,L,-15
,6,,1.3,KSD,A,PWP,4,Land of Fire,br4in6,1,,,1,,,,,,,1,,,,1,,,,,1,,1,,,,,,,,,,,2,,,,,-,,L,-11
,7,,1.3,KSD,A,CCTV1,58,Warrior's Path,br4in6,1,,,1,,,,,,,,,,,1,,,,,2,,1,,,,,,,,,,,2,,,,,-,,W,29
,8,,1.3,KSD,B,CCTV2,111,Shards,br4in6,1,,,1,,,,,,,1,,,,1,,,,,1,,1,,,1,,,,,,,,1,,,,,-,,L,-17
,9,,1.3,KSD,B,KSE,50,Hotspot,br4in6,1,,,1,,,,,,1,1,,,,,,,,1,,,1,,,,,,,1,,,,1,,,,,-,,W,30
,10,,1.3,KSD,B,-FTF-,348,Land of Fire,br4in6,,,,2,,,,,,,,,,,,,,,2,,1,,,,2,,,1,,,,,,,,,,-,,W,28
,11,,1.3,KSD,B,-BN-,9,Crash Zone Alpha,br4in6,,,1,1,,,,,,,1,,,,1,,,,,1,,1,,,,,,,1,,,,,1,,,,-,,W,32
,12,,1.3,KSD,B,R-F,18,Warrior's Path,br4in6,,,,2,,,,,,,1,,,,,,,,,1,,1,,,1,,,,1,,,,,1,,,,-,,L,-14
,13,,1.3,KSD,B,A-I-M,162,North,br4in6,,,,2,,,,,,,,2,,,1,,,,,1,,1,,,,,,,,,,,1,,,,,-,,W,28
,14,,1.3,KSD,B,PWP,4,Hotspot,br4in6,1,,,1,,,,,,,1,,,,,,,,2,,,1,,,,,,,,1,,,1,,,,,-,,L,-15
,15,,1.3,KSD,B,TING,39,Shards,br4in6,,,,1,,,,,1,,1,,,,1,,,,,1,,1,,,,,,,,1,,,1,,,,,-,,W,32
,16,,1.3,KSD,B,TDM,123,Land of Fire,br4in6,1,,,1,,,,,,1,,,,,,,,,2,,,2,,,1,,,,,,,,,,,,,-,,W,31
,17,,1.3,KSD,B,R-F,18,Crash Zone Alpha,br4in6,,,,1,,,1,,,,1,,,,1,,,,,2,,,,,1,,,,,,,,1,,,,,-,,L,-12
,18,,1.3,KSD,B,TQL,53,Warrior's Path,br4in6,1,,,1,,,,,,,1,,,,1,,,,,2,,,,,,,,,,,,,2,,,,,-,,W,28
,1,27/10,1.4,KSD,A,TRETA,90,Hotspot,br4in6,1,,,,,,,,1,,,,,,1,,,,,2,,1,,,,,,1,,,,,1,,,,,-,,L,-13
,2,,1.4,KSD,A,NAM-5,248,Shards,br4in6,2,,,,,,,,,,1,,,,1,,,,1,,,1,,,,,,2,,,,,,,,,,-,,W,32
,3,,1.4,KSD,A,CUTIE,76,North,br4in6,1,,,1,,,,,,,,,,,2,,,,1,1,,,,,1,,,1,,,,,,,,,,-,,W,31
,4,,1.4,KSD,A,PN,80,Land of Fire,br4in6,,1,,1,,,,,,,1,,,,,,,,2,,,,,,,,,,1,,,,,2,,,,-,,W,29
,5,,1.4,KSD,A,-B2P-,23,Warrior's Path,br4in6,1,,,1,,,,,,,1,,,,1,,,,,1,,1,,,,,,,1,,,,,1,,,,-,,W,29
,6,,1.4,KSD,A,TFP,115,North,br4in6,1,,,,,,,,1,1,1,,,,,,1,,,1,,,,,1,,,,,1,,,,,,,,-,,L,-17
,7,,1.4,KSD,A,SCCC,3,Land of Fire,br4in6,,,,1,,,1,,,,1,,,,,,,,,1,,1,,,,,,,,,,,1,2,,,,-,,W,30
,8,,1.4,KSD,A,AFW,145,Warrior's Path,br4in6,1,,,1,,,,,,,2,,,,,,,,,1,,1,,,1,,,1,,,,,,,,,,-,,W,S
,9,,1.4,KSD,A,TNG,15,Crash Zone Alpha,br4in6,1,,,1,,,,,,,2,,,,1,,,,,,,1,,,,,,,1,,,,1,,,,,-,,L,S
,10,,1.4,KSD,A,PMWC,149,Sea of Fortune,br4in6,1,,,,,1,,,,,2,,1,,,,,,,1,,,1,,,,,,,1,,,,,,,,-,,W,S
,11,,1.4,KSD,A,UR,14,Hotspot,br4in6,,,,1,,,,1,,,,,,,,,,,,1,,1,,,,,,,,1,,,,3,,,,-,,W,S
,12,,1.4,KSD,A,O7,1,North,br4in6,,,1,,,,,1,,,1,,,,,,,,1,,,1,,,1,,,,,,,,,2,,,,-,,L,S
,13,,1.4,KSD,A,TASH,52,Land of Fire,br4in6,1,,,1,,,,,,,1,,,,,,,,2,,,1,,,,,,,,1,,,1,,,,,-,,W,37
,14,,1.4,KSD,B,FORM,51,Shards,br4in6,1,,,,,,,,1,,1,,,,1,,,,1,,,1,,,1,,,,,1,,,,,,,,-,,W,32
,15,,1.4,KSD,B,R-F,18,Warrior's Path,br4in6,1,,,1,,,,,,,1,,,,,,,,1,,,1,,,1,,,,1,,,,,1,,,,-,,L,-14
,16,,1.4,KSD,B,CUTE,22,Crash Zone Alpha,br4in6,,,,1,,,,1,,,2,,,,,,,,1,1,,,,,1,,,,,,,,1,,,,,-,,L,-16
,17,,1.4,KSD,B,TQL,53,North,br4in6,1,,,1,,,,,,,1,,,,1,,,,,2,,,,,,,,,,,,,2,,,,,-,,W,28
,18,,1.4,KSD,B,-RNG-,140,Shards,br4in6,1,,,1,,,,,,1,1,,,,,,,,,1,,1,,,,,,2,,,,,,,,,,-,,W,30
,19,,1.4,KSD,B,CCPLZ,186,Warrior's Path,br4in6,,1,,1,,,,,,,1,,1,,1,,,,,,1,,,,,,,1,,,,,,1,,,,-,,W,32
,20,,1.4,KSD,B,STAR,88,Crash Zone Alpha,br4in6,,1,,1,,,,,,,1,,,,1,,,,1,1,,,,,,,,,,,,,2,,,,,-,,W,S
,1,30/10,2.1,KSD,A,R-F,18,Warrior's Path,McRendel1ten,1,,,1,,,,,,,1,,,,,,,,,1,,1,,,1,,,,1,,,,,1,,,,-,,L,-15
,2,,2.1,KSD,A,THREE,205,Hotspot,McRendel1ten,1,,,1,,,,,,,1,,,,,,,,1,1,,1,,,1,,,,1,,,,,,,,,-,,W,26
,3,,2.1,KSD,A,CUTE,22,North,McRendel1ten,1,,,,,,,1,,,,,,,1,,,,1,1,,1,,,1,,,,,,,,,1,,,,-,,W,30
,4,,2.1,KSD,A,MIA,16,Sea of Fortune,McRendel1ten,,,,2,,,,,,,1,,,,,,,,,,,2,,,,,,,1,,,,,2,,,,-,,L,-14
,5,,2.1,KSD,A,PWP,4,Crash Zone Alpha,McRendel1ten,,,,1,,1,,,,,1,,,,1,,,,,1,,1,,,,,,,,,,,2,,,,,-,,L,-11
,6,,2.1,KSD,A,RKN,19,Hotspot,McRendel1ten,1,,,1,,,,,,,1,,,,,,,,1,,,2,,,,,,,1,,,,1,,,,,-,,L,-16
,7,,2.1,KSD,A,-BRS-,33,North,McRendel1ten,,,,2,,,,,,,1,,,,,,,,,1,,2,,,,,,,2,,,,,,,,,-,,L,-17
,8,,2.1,KSD,A,MASSD,83,Land of Fire,McRendel1ten,,,,2,,,,,,,1,,,,,,,,,1,,2,,,,,,1,,,,,,1,,,,-,,L,-15
,9,,2.1,KSD,A,TNG,15,Crash Zone Alpha,McRendel1ten,1,,,1,,,,,,,2,,,,1,,,,,,,1,,,,,,,1,,,,1,,,,,-,,L,S
,10,,2.1,KSD,A,CUTE,22,North,McRendel1ten,,,,1,,,,1,,,,,,,1,,,,2,1,,,,,,,,,1,,,,,1,,,,-,,W,S
,11,,2.1,KSD,A,-BRS-,33,Hotspot,McRendel1ten,,,,2,,,,,,,1,,,,,,1,,1,,,1,,,,,,,2,,,,,,,,,-,,L,S
,12,,2.1,KSD,A,NEON,79,Crash Zone Alpha,McRendel1ten,,1,,1,,,,,,,1,,,,2,,,,1,1,,,,,1,,,,,,,,,,,,,-,,W,S
,13,,2.1,KSD,A,PN,80,Land of Fire,McRendel1ten,,,,2,,,,,,,,,1,,,,,,,2,,,,,,,,,,1,,,,2,,,,-,,L,S
,1,31/10,2.2,KSD,A,GAISHU,2,Hotspot,McRendel1ten,,,,,,,,,,,,,,,,,,,,3,,,,,1,,,,,,,,,4,,,,-,,L,-44
,2,,2.2,KSD,A,RKN,19,North,McRendel1ten,,,,1,,,,,1,,1,,,,,,,,1,,,2,,,,,,,1,,,,1,,,,,-,,W,29
,3,,2.2,KSD,A,PWP,4,Shards,McRendel1ten,,,,2,,,,,,,1,,,,,,,,,2,,1,,,1,,,,,,,,1,,,,,-,,L,-12
,4,,2.2,KSD,A,TNG,15,Warrior's Path,McRendel1ten,1,,,1,,,,,,,2,,,,1,,,,,,,1,,,1,,,,,,,,1,,,,,-,,W,S
,5,,2.2,KSD,A,NGAGE,6,Land of Fire,McRendel1ten,1,,,1,,,,,,,1,,,,,,,,1,,,2,,,1,,,,,,,,,1,,,,-,,L,S
,6,,2.2,KSD,A,TNG-2,40,Sea of Fortune,McRendel1ten,,,,1,,,,1,,,,,,,1,,,,,1,,1,1,,,,,1,,,,,1,,,,,-,,W,S
,7,,2.2,KSD,A,ASHIP,141,North,McRendel1ten,,,,1,1,,,,,,1,,,,,,,,1,1,,1,,1,,,,,,,,,,1,,,,-,,W,S
,8,,2.2,KSD,A,-B2P-,23,Hotspot,McRendel1ten,,,,1,,,,1,,,,,,,,,1,,1,1,,1,,,1,,,,,,,,,1,,,,-,,L,S
,9,,2.2,KSD,A,-CHL-,348,Land of Fire,McRendel1ten,,,,,1,,,,1,,2,,,,,,,,1,1,,,,,,,,,,1,,,,1,,,,-,,W,40
,10,,2.2,KSD,A,KSC,21,Shards,McRendel1ten,,,,2,,,,,,,,,,,1,,1,,1,,,,,,1,,,,,,,,1,1,,,,-,,W,29
,11,,2.2,KSD,A,GAISHU,2,Warrior's Path,McRendel1ten,1,,,,,,,,,,,,,,,,,,,2,,,,,1,,,,,,,,,4,,,,-,,L,-9
,1,02/11,2.3,KSD,A,-TXT-,42,Sea of Fortune,McRendel1ten,1,,1,,,,,,,,1,,,,,,,,,1,,2,,,,,,1,1,,,,,,,,,-,,L,-15
,2,,2.3,KSD,A,CUTER,8,Crash Zone Alpha,McRendel1ten,,,,2,,,,,,,1,,,,,,,,1,1,,1,,,,,,,1,,,,1,,,,,-,,L,-13
,3,,2.3,KSD,A,TNG-3,48,North,McRendel1ten,,,,2,,,,,,,2,,,,,,,,1,,,,,,,,,1,1,,,,,1,,,,-,,W,28
,4,,2.3,KSD,A,STARZ,123,Sea of Fortune,McRendel1ten,1,,,1,,,,,,,1,,,,1,,,,,1,,1,,,1,,,,,,,,1,,,,,-,,W,25
,5,,2.3,KSD,A,MIA,16,Warrior's Path,McRendel1ten,,,,2,,,,,,1,1,,,,,,,,,,,1,,,,,,,1,,,,,2,,,,-,,L,-12
,6,,2.3,KSD,A,STURM,97,Hotspot,McRendel1ten,,,,1,1,,,,,,1,,,,,,,,,1,,,,,1,,,,,,,,,3,,,,-,,W,27
,7,,2.3,KSD,A,-BRS-,33,Shards,McRendel1ten,,1,,1,,,,,,,1,,,,,,,,,1,,2,,,,,,,2,,,,,,,,,-,,W,27
,8,,2.3,KSD,A,TASH,52,Sea of Fortune,McRendel1ten,2,,,,,,,,,,1,,,,,,,,2,,,,,,,,,1,,,,,,2,,,,-,,W,24
,9,,2.3,KSD,A,CHASE,66,North,McRendel1ten,,,,2,,,,,,,,1,,,,,,,2,,,,,,,,,,,,,,,3,,,,-,,L,-16
,1,03/11,2.4,KSD,A,PEEDZ,38,Land of Fire,McRendel1ten,1,,,1,,,,,,,,,,,,,,,,1,,1,,,1,,,,,,,,,3,,,,-,,L,-15
,2,,2.4,KSD,A,TNG,15,Shards,McRendel1ten,,,,2,,,,,,,,,,,1,,,,1,1,,,,,,,,,,,,,1,2,,,,-,,L,-14
,3,,2.4,KSD,A,SUR,98,Warrior's Path,McRendel1ten,,,1,,,,1,,,,1,,,,,,,,1,,,1,1,,,,,,,,,1,,1,,,,-,,L,-16
,4,,2.4,KSD,A,SYN,170,Hotspot,McRendel1ten,,,,2,,,,,,1,,,,,,,,,3,2,,,,,,,,,,,,,,,,,,-,,L,-14
,5,,2.4,KSD,A,QQ7,20,Crash Zone Alpha,McRendel1ten,1,,,1,,,,,,,,,,,,,,,1,,,,,,,,,,,,,,1,4,,,,-,,L,-17
,6,,2.4,KSD,A,ARP,24,Shards,McRendel1ten,,,,1,,,,,1,,1,,,,1,,,,1,1,,,,,,,,1,,,,,1,,,,,-,,W,26
,7,,2.4,KSD,A,CVR,37,Land of Fire,McRendel1ten,,,,2,,,,,,,,,,,2,,,,,2,,,,,,,,1,,,,,,1,,,,-,,L,-19
,8,,2.4,KSD,A,5D2,118,North,McRendel1ten,1,1,,,,,,,,,2,,,,1,,,,,1,,,,,,,,2,,,,,,,,,,-,,W,23
,9,,2.4,KSD,A,WDWTS,181,Sea of Fortune,McRendel1ten,,,,,,,,1,1,1,1,,,,1,,,,,,1,,,,,,,,,,,,,2,,,,-,,W,24
,10,,2.4,KSD,A,RNG,35,Warrior's Path,McRendel1ten,1,,,1,,,,,,,,,,,,,,,,2,,1,,,1,,,,,,,,1,1,,,,-,,L,-16
,11,,2.4,KSD,A,BOTES,17,North,McRendel1ten,,1,,,,,,,,,,,,,,,,,1,1,,3,,,1,,,,,,,1,,,,,,-,,L,-15
,12,,2.4,KSD,A,-BN-,9,Shards,McRendel1ten,,,1,1,,,,,,,1,,,,,,,,,1,,1,,,,,,,,,,,1,2,,,,-,,L,-16
,13,,2.4,KSD,A,TQL,53,Hotspot,McRendel1ten,1,,,1,,,,,,,1,,,,,,,,1,1,,1,,,,,,,,,,,2,,,,,-,,W,29
,14,,2.4,KSD,A,RWBY,188,Warrior's Path,McRendel1ten,,,,1,,,,1,,,1,,,,1,,,,1,1,,,,,,,,,,,,1,1,,,,,-,,W,22
,15,,2.4,KSD,A,QQ7,20,Shards,McRendel1ten,1,,,,,,,,,,,,,,,,,,2,,,,,,,,,,,,,,1,4,,,,-,,W,26
,16,,2.4,KSD,A,ANKER,103,Land of Fire,McRendel1ten,,,,2,,,,,,,,,1,,,,,,1,1,,,,,,,,,,1,,,1,1,,,,-,,L,-19
,17,,2.4,KSD,A,KSC,21,Sea of Fortune,McRendel1ten,,,,2,,,,,,,,,,,,,,,2,2,,1,,,,,,,,1,,,,,,,,-,,W,30
,18,,2.4,KSD,A,STW,31,Hotspot,McRendel1ten,,2,,,,,,,,,1,,,,2,,,,1,,,,,,,,,1,,,,1,,,,,,-,,L,-19
,19,,2.4,KSD,A,CUTE,22,North,McRendel1ten,1,,,1,,,,,,,1,,,,,,,,,1,,1,,,,,,,,,,,1,2,,,,-,,L,-17
,1,06/11,3.1,KSD,A,BUNNY,82,Crash Zone Alpha,Br4in6,1,,,1,,,,,,,1,,,,1,,,,,1,,1,,,1,,,,,,,,1,,,,,-,,W,21
,2,,3.1,KSD,A,STW,31,Warrior's Path,Br4in6,,,,2,,,,,,,1,,,,1,,1,,,1,,,,,,,,,1,,,,1,,,,,-,,W,22
,3,,3.1,KSD,A,TNG-3,48,Sea of Fortune,Br4in6,1,,,1,,,,,,,2,,,,,,,,1,,,,,,,,,1,,,,,,2,,,,-,,W,21
,4,,3.1,KSD,A,ADOPT,30,Crash Zone Alpha,Br4in6,,,,1,,,,,1,,,,,,,,,,1,1,,,,,,,,,1,,,,,3,,,,-,,L,-18
,5,,3.1,KSD,A,OO7,13,Shards,Br4in6,1,,,1,,,,,,,,,,,,,,,1,1,1,1,,,,,,,,1,,,,1,,,,-,,L,-15
,6,,3.1,KSD,A,-BRS-,33,Warrior's Path,Br4in6,,,,2,,,,,,,2,,,,,,,,,1,,1,,,,,,,1,,,,,1,,,,-,,W,21
,7,,3.1,KSD,A,RMOVE,32,Sea of Fortune,Br4in6,,,,,1,1,,,,1,1,1,,,,,,,,1,,,,,,,,,,1,,,,1,,,,-,,L,-17
,8,,3.1,KSD,A,-TXT-,42,Shards,Br4in6,1,,,1,,,,,,,1,,,,,,,,1,1,,1,,,,,,,1,,,,1,,,,,-,,W,27
,9,,3.1,KSD,A,KWA,69,Sea of Fortune,Br4in6,,,1,,,,,,1,1,1,,,,1,,,,1,,,,,,1,,,,,,,,1,,,,,-,,W,19
,10,,3.1,KSD,A,NAM-5,248,Land of Fire,Br4in6,1,,,1,,,,,,,2,,,,,,,,1,,,1,,,1,,,1,,,,,,,,,,-,,W,20
,11,,3.1,KSD,A,BS,106,North,Br4in6,,,,2,,,,,,,2,,,,1,,,,,,,1,,,,,,1,,,,,,1,,,,-,,W,21
,12,,3.1,KSD,A,-BN-,9,Crash Zone Alpha,Br4in6,,,,1,,,,,,,,,,,,,,,,2,,1,,,1,,,,,,,,,3,,,,-,,L,-14
,1,07/11,3.2,KSD,A,-BRS-,33,Hotspot,Br4in6,,,,2,,,,,,,1,,,,,,1,,1,,,1,,,1,,,,1,,,,,,,,,-,,W,24
,2,,3.2,KSD,A,TNG,15,Sea of Fortune,Br4in6,,,,2,,,,,,,,,,,1,,,,1,1,,,,,,,,,,,,,1,2,,,,-,,W,28
,3,,3.2,KSD,A,UR,14,Shards,Br4in6,,,,1,,,1,,,,1,,,,,,,,,1,,2,,,1,,,,,,,,1,,,,,-,,L,-20
,4,,3.2,KSD,A,CUTE,22,Land of Fire,Br4in6,1,,,,,,,1,,,,,,,,,,,1,,,1,,,,,,,,,,,1,3,,,,-,,L,-21
,5,,3.2,KSD,A,ARP,24,Crash Zone Alpha,Br4in6,,,,2,,,,,,,1,,,,,,,,,2,,,,,,,,,1,,,,1,1,,,,-,,W,25
,6,,3.2,KSD,A,-BRS-,33,Hotspot,Br4in6,,,,2,,,,,,,1,,,,,,1,,1,,,1,,,,,,,2,,,,,,,,,-,,L,-19
,7,,3.2,KSD,A,TQL,53,North,Br4in6,1,,,1,,,,,,,1,,,,,,,,1,1,,1,,,,,,,,,,,2,,,,,-,,L,-19
,8,,3.2,KSD,A,CVR,37,Sea of Fortune,Br4in6,1,,,1,,,,,,,,,,,,,,,1,3,,,,,,,,1,,,,,1,,,,,-,,L,-19
,9,,3.2,KSD,B,-TXT-,42,Land of Fire,Br4in6,1,,,1,,,,,,,1,,,,,,,,1,1,,1,,,,,,,1,,,,1,,,,,-,,W,S
,10,,3.2,KSD,B,GRAVE,221,North,Br4in6,,,,1,,,,1,,,1,,,,1,,,,1,,,,,,,1,,,,,,,1,1,,,,-,,W,S
,11,,3.2,KSD,B,O7,1,Land of Fire,Br4in6,1,,,,,,,,,,,,,,,,,,1,2,,2,,,1,,,,,,,,1,,,,,-,,L,S
,12,,3.2,KSD,B,KSC,21,Hotspot,Br4in6,,,,1,,,,,1,3,1,,,,,,,,,,,,,,,,,1,,,,1,,,,,,-,,W,S
,13,,3.2,KSD,B,-BN-,9,North,Br4in6,,,,1,,,,,,,,,,,,,,,,2,,1,,,1,,,,,,,,,3,,,,-,,L,-14
,14,,3.2,KSD,B,STAR,88,Land of Fire,Br4in6,,1,,1,,,,,,,1,,,,,,,,,1,,1,,,,,,,,,,,1,2,,,,-,,L,-16
,15,,3.2,KSD,B,MIA,16,Crash Zone Alpha,Br4in6,,,,1,,,,,,,,,,,,,,,,1,,1,,,1,,,,,,,,,4,,,,-,,L,S
,1,09/11,3.3,KSD,A,TNG-3,48,North,Br4in6,1,,,1,,,,,,,1,,,,,,,,,1,,,,,,,,1,,,,,1,2,,,,-,,W,23
,2,,3.3,KSD,A,PN,80,Hotspot,Br4in6,1,,,1,,,,,,,,,,,,,,,2,,,,,,,,,1,,,,,,3,,,,-,,W,24
,3,,3.3,KSD,A,TQL,53,Sea of Fortune,Br4in6,,,,2,,,,,,,,,,,,,,,1,1,,2,,,,,,,,,,,2,,,,,-,,L,-20
,4,,3.3,KSD,A,FIES,43,Crash Zone Alpha,Br4in6,1,,,1,,,,,,,1,,,,1,,,,,2,,,,,,,,,,,,,1,1,,,,-,,W,22
,5,,3.3,KSD,A,KAG,57,Land of Fire,Br4in6,1,,,1,,,,,,,,,,,,,,,,2,,2,,,,,,,,,,,,2,,,,-,,W,21
,6,,3.3,KSD,A,RNG,35,Crash Zone Alpha,Br4in6,1,,,1,,,,,,,,,,,,,,,,1,,2,,,1,,,,,,,,1,1,,,,-,,L,-16
,7,,3.3,KSD,A,SORRY,133,Hotspot,Br4in6,,,,2,,,,,,,1,,,,,,,,,2,,1,,,,,,,1,,,,1,,,,,-,,W,22
,8,,3.3,KSD,A,RMOVE,32,Sea of Fortune,Br4in6,,,,1,,1,,,,,,,,,,,1,,1,,,,,,1,,,,,1,,,,2,,,,-,,L,-17
,9,,3.3,KSD,A,NIER,61,Crash Zone Alpha,Br4in6,,,,1,,,1,,,,1,,,,1,,,,2,,,,,,,,,,,1,,,1,,,,,-,,L,-20
,10,,3.3,KSD,A,R-F,18,Land of Fire,Br4in6,1,,,1,,,,,,,1,,,,,,,,1,1,,1,,,,,,,1,,,,1,,,,,-,,L,-19
,11,,3.3,KSD,B,5D,45,Land of Fire,Br4in6,1,,,1,,,,,,1,2,,,,,,,,,1,,,,,1,,,,,,,,,1,,,,-,,W,S
,12,,3.3,KSD,B,RNG,35,Sea of Fortune,Br4in6,,,,,1,,,,,,,,,,,,,,,2,,,,,1,,,,,,,,,4,,,,-,,W,S
,13,,3.3,KSD,B,TNG-2,40,North,Br4in6,,,,1,,,,1,,,,,,,1,,,,1,1,,,1,,,,,1,,,,,1,,,,,-,,W,30
,14,,3.3,KSD,B,TRETA,90,Warrior's Path,Br4in6,1,,,1,,,,,,,1,,,,,,,,,2,,1,,,,,,1,,,,,1,,,,,-,,W,32
,15,,3.3,KSD,B,FURIA,55,Sea of Fortune,Br4in6,,,,2,,,,,,,4,,,,,,,,,1,,,,,,,,,1,,,,,,,,,-,,W,26
,16,,3.3,KSD,B,BLEP,96,Warrior's Path,Br4in6,,,,,,,,,,,,,,,,,,,,,,,,,8,,,,,,,,,,,,,-,,W,29
,17,,3.3,KSD,B,ARP,24,Sea of Fortune,Br4in6,,,,2,,,,,,,1,,,,,,,,,2,,1,,,,,,,,,,,2,,,,,-,,W,26
,18,,3.3,KSD,B,CCTV2,111,Warrior's Path,Br4in6,1,,,1,,,,,,,1,,,,,,,,1,1,,1,,,,,,1,,,,,1,,,,,-,,W,23
,19,,3.3,KSD,B,OVO,91,Shards,Br4in6,,,,2,,,,,,,1,,,,1,,,,,2,,,,,1,,,,,,,,1,,,,,-,,W,28
,1,10/11,3.4,KSD,A,RKN,19,Hotspot,Br4in6,1,,,1,,,,,,,1,,,,,,,,1,,,2,1,,,,,1,,,,,,,,,,-,,W,25
,2,,3.4,KSD,A,R-F1,93,Shards,Br4in6,1,,,1,,,,,,,1,,,,,,,,,1,,1,,,,,,1,,,,,,2,,,,-,,W,21
,3,,3.4,KSD,A,TQL,53,Sea of Fortune,Br4in6,,,,2,,,,,,,,,,,,,,,,,,,,,,,,,,,1,,1,4,,,,-,,L,-18
,4,,3.4,KSD,A,KSC,21,North,Br4in6,1,,,,,,1,,,1,1,,,,,,,,,2,,1,,,,,,,,,,,1,,,,,-,,L,-20
,5,,3.4,KSD,A,STURM,97,Crash Zone Alpha,Br4in6,,,,1,,,,1,,,,,,,,,,,,2,,,,,1,,,,,,,,,2,,,1,-,,W,21
,6,,3.4,KSD,A,TQL,53,Sea of Fortune,Br4in6,,,,2,,,,,,,,,,,,,,,,,,,,,,,,,,,1,,1,4,,,,-,,L,-17
,7,,3.4,KSD,A,FURIA,55,Crash Zone Alpha,Br4in6,,,,1,,,,1,,,3,,,,,,,,,1,,,,,2,,,,,,,,,,,,,-,,W,20
,8,,3.4,KSD,A,RMOVE,32,Land of Fire,Br4in6,1,,,,,,1,,,,,,,,,,,,1,1,,1,,,,,,,,1,,,,2,,,,-,,W,25
,9,,3.4,KSD,A,STAR,88,North,Br4in6,,,,2,,,,,,,1,,,,,,,,,1,,1,1,,,,,,,,,,1,1,,,,-,,L,-17
,10,,3.4,KSD,A,STW,31,Shards,Br4in6,,,,1,,,1,,,,1,,,,1,,,,,1,,,,,1,,,,,,,,,2,,,,-,,W,20
,11,,3.4,KSD,A,ARP,24,Crash Zone Alpha,Br4in6,1,,,1,,,,,,,,,,,,,,,3,,,1,,,,,,1,,1,,,,,,,,-,,L,-18
,12,,3.4,KSD,A,MIA,16,North,Br4in6,,,,1,,,,,,,,,,,,,,,1,2,,2,,,2,,,,,,,,,,,,,-,,L,-14
,13,,3.4,KSD,B,PSV,10,Sea of Fortune,Br4in6,1,,,1,,,,,,,1,,,,,,,,1,,,2,,,,,,1,,,,,1,,,,,-,,L,-18
,14,,3.4,KSD,B,NNC,43,Warrior's Path,Br4in6,,,,1,,,1,,,,1,,,,,,,,1,,,1,,,1,,,,,,,,,2,,,,-,,W,26
,15,,3.4,KSD,B,ADOPT,30,Hotspot,Br4in6,,,,1,,,,,1,,,,,,,,,,,2,,,,,,,,,1,1,,,,2,,,,-,,W,25
,16,,3.4,KSD,B,CUTE,22,Land of Fire,Br4in6,,,,1,,1,,,,,1,,,,,,,,1,1,,1,,,1,,,,,,,,,1,,,,-,,L,-19
,17,,3.4,KSD,B,AP,12,Warrior's Path,Br4in6,1,,,1,,,,,,,1,,,,,,,,,1,,2,,,,,,,1,1,,,,,,,,-,,L,-16
,18,,3.4,KSD,B,SCCC,3,Hotspot,Br4in6,,,,1,,,,,,,,,,,,,,,,2,,,,,1,,,,,,,,,4,,,,-,,L,-12
,1,13/11,4.1,KSD,A,SYN,170,Warrior's Path,Br4in6,,,,2,,,,,,,1,,,,,,,,2,1,,1,,,,,,,1,,,,,,,,,-,,W,23
,2,,4.1,KSD,A,OO7,13,Hotspot,Br4in6,,,,1,,,,,,,1,,,,,1,,,1,1,,1,,,1,,,,,,,,1,,,,,-,,L,-15
,3,,4.1,KSD,A,KSE,50,North,Br4in6,1,1,,,,,,,,,,,,,,,,,2,,,,,,,,,1,,,,,,3,,,,-,,W,19
,4,,4.1,KSD,A,CUTE,22,Sea of Fortune,Br4in6,1,,,,,,,,1,,,,,,,1,,,1,1,,1,,,,,,,1,,,,,1,,,,-,,L,-20
,5,,4.1,KSD,A,KNCOL,89,Crash Zone Alpha,Br4in6,,,,1,,1,,,,1,1,,,,,,,,,1,1,1,,,1,,,,,,,,,,,,,-,,W,20
,6,,4.1,KSD,A,CVR,37,North,Br4in6,,,,2,,,,,,,,,,,1,1,,,2,,,,,,,,,1,,,,,,1,,,,-,,L,-20
,7,,4.1,KSD,A,STURM,97,Shards,Br4in6,,,,,1,,,,,,1,,,,,,,,,1,,,,,,,,,,,,,,4,,,1,-,,W,21
,8,,4.1,KSD,A,-BN-,9,Hotspot,Br4in6,,,,1,,,,,,,,,,,,,,,,2,,,,,1,,,,,,,,,4,,,,-,,W,S
,1,14/11,4.2,KSD,A,PEEDZ,38,North,Br4in6,1,,,,,,,,,,,,,,,1,,,1,2,,1,,,1,,,,,,,,1,,,,,-,,W,S
,2,,4.2,KSD,A,BGA,163,Land of Fire,Br4in6,,1,,1,,,,,,1,1,,,,,,,,,2,,,,,,,,,1,,,,1,,,,,-,,L,S
,3,,4.2,KSD,A,-BRS-,33,Hotspot,Br4in6,,,,2,,,,,,,1,,,,,,,,2,,,1,,,,,,,2,,,,,,,,,-,,L,S
,4,,4.2,KSD,A,CCTV2,111,North,Br4in6,,,,2,,,,,,,1,,,,,,,,1,1,,1,,,,,,1,,,,,1,,,,,-,,W,S
,5,,4.2,KSD,A,PSV,10,Land of Fire,Br4in6,1,,,1,,,,,,,1,,,,,,,,1,,,2,,,,,,1,,,,,1,,,,,-,,W,44
,6,,4.2,KSD,A,RNG,35,Crash Zone Alpha,Br4in6,1,,,1,,,,,,,,,,,,,,,,1,,2,,,1,,,,,,,,1,1,,,,-,,L,-19
,7,,4.2,KSD,A,CUTE,22,Hotspot,Br4in6,1,,,,1,,,,,,1,,,,,1,,,2,,,,,,,,,,1,,,,,1,,,,-,,L,-20
,8,,4.2,KSD,A,CUTIE,76,Land of Fire,Br4in6,1,,,,,,,1,,,,,,,1,,,,2,,,1,,,1,,,,1,,,,,,,,,-,,L,S
,9,,4.2,KSD,A,-B2P-,23,North,Br4in6,,,,1,,1,,,,,,,,,,,,,1,1,,2,,,1,,,,,,,,1,,,,,-,,L,S
,,16/11,4.3,KSD,B,SMILE,1,Warrior's Path,McRendel1ten,,,,1,,,,1,,,1,1,,,,,,,1,,,1,,,,,,,,1,,,1,,,,,-,,L,-9
,,,4.3,KSD,B,-BN-,9,Hotspot,McRendel1ten,,,,1,,,,,,,,,,,,,,,,2,,,,,1,,,,,,,,,4,,,,-,,L,-13
,,,4.3,KSD,B,RUSHB,99,North,McRendel1ten,,,,1,,,,,1,,1,,,,,,,,1,1,,,1,,,,,,,,,,,2,,,,-,,W,28
,,,4.3,KSD,B,KSC,21,Land of Fire,McRendel1ten,,,,1,,,,,,,,,,,,2,,,1,1,,1,,,,,,,,1,,,1,,,,,-,,W,32
,,,4.3,KSD,A,QCN,176,Crash Zone Alpha,McRendel1ten,,,,1,,,,,1,,1,,,,1,,,,,1,,,,,,,,,1,,,,,2,,,,-,,W,S
,,,4.3,KSD,A,STW,31,Sea of Fortune,McRendel1ten,,,,1,,,1,,,,1,,,,1,,,,,1,,,,,1,,,,,,,,1,1,,,,-,,L,S
,,,4.3,KSD,A,TNG,15,Crash Zone Alpha,McRendel1ten,,,,2,,,,,,,,,,,1,,,,1,1,,,,,,,,,,,,,1,2,,,,-,,L,-52
,,,4.3,KSD,A,PN,80,Crash Zone Alpha,McRendel1ten,1,1,,,,,,,,,,,,,,,,,,2,,,,,,,,1,,,,,,3,,,,-,,L,-17
,,,4.3,KSD,A,ES,120,North,McRendel1ten,,,,2,,,,,,,1,,,,,,,,,3,,,,,,,,,,,,1,1,,,,,-,,W,21
,,,4.3,KSD,A,-BRS-,33,Shards,McRendel1ten,,,,2,,,,,,,1,,,,,,,,2,,,1,,,,,,,2,,,,,,,,,-,,L,-19
,,,4.3,KSD,A,QCN,176,Hotspot,McRendel1ten,,,,1,,,,,1,,1,,,,,,,,,2,,1,,,,,,,1,,,,1,,,,,-,,W,22
,,,4.3,KSD,A,TQL,53,Sea of Fortune,McRendel1ten,,,,2,,,,,,,,,,,,,,,1,1,,2,,,1,,,,,,,,1,,,,,-,,L,-17
,,,4.3,KSD,A,NGAGE,6,Crash Zone Alpha,McRendel1ten,1,1,,,,,,,,,1,,,,,,,,1,,,2,,,,,,2,,,,,,,,,,-,,W,25
,,,4.3,KSD,A,NIER,61,Land of Fire,McRendel1ten,,,,2,,,,,,,1,,,,,,,,1,1,,1,,,,,,,,,,,2,,,,,-,,L,-18
,,,4.3,KSD,A,5D2,118,Sea of Fortune,McRendel1ten,1,,,1,,,,,,,1,,,,,1,,,,1,1,,,,,,,1,,,,,1,,,,,-,,L,-20
,,17/11,4.4,KSD,A,5D,45,North,NotYou,1,,,1,,,,,,,1,,1,,,,,,1,1,,,,,,,,1,,,,,1,,,,,-,,W,20
,,,4.4,KSD,A,DENY,100,Land of Fire,NotYou,,,,2,,,,,,,,,,,,1,,,,2,,1,,,,,,,1,,,,,1,,,,-,,W,20
,,,4.4,KSD,A,KSE,50,SEa of Fortune,NotYou,,1,,1,,,,,,,1,,,,,,,,1,,,,,,,,,,1,,,,,3,,,,-,,W,23
,,,4.4,KSD,A,-B2P-,23,Hotspot,NotYou,,,,1,,,,,1,,,,,,,,1,,1,1,,1,,,,,,,1,,,,1,,,,,-,,L,-20
,,,4.4,KSD,A,BOTES,17,North,NotYou,,1,,,,,,,,,,,,,,,,,,2,,3,,,1,,,1,,,,,,,,,,-,,L,-16
,,,4.4,KSD,A,BGA,163,Hotspot,NotYou,,1,,1,,,,,,1,3,,,,,,,,,,,,,,,,,,1,,,,1,,,,,-,,W,21
,,,4.4,KSD,A,KSC,21,Crash Zone Alpha,NotYou,,,,1,,,,,,,,,,,,2,,,1,1,,1,,,,,,1,,,,,1,,,,,,,W,25
,,,4.4,KSD,A,-MM-,95,Warrior's Path,NotYou,1,,1,,,,,,,,2,,1,,,,,,,1,,,,,1,,,,1,,,,,,,,,-,,W,S
,,,4.4,KSD,A,TASH,52,Hotspot,NotYou,1,,,1,,,,,,,,,,,,,,,,2,,2,,,,,,,1,,,,1,,,,,-,,W,S
,,,4.4,KSD,A,-B2P-,23,SEa of Fortune,NotYou,,,,1,,,,,1,,,,,,,,1,,1,1,,1,,,1,,,,,,,,1,,,,,-,,L,S
,,,4.4,KSD,A,FORM,51,North,NotYou,,,,1,,,,,,,,,,,,,,,1,1,,1,,,1,,,,,,,,,3,,,,-,,W,S
,,,4.4,KSD,A,-BN-,9,Warrior's Path,NotYou,,,,1,,,,,,,,,,,,,,,,2,,,,,1,,,,,,,,,4,,,,-,,L,S
,,,4.4,KSD,A,R-F1,93,Crash Zone Alpha,NotYou,1,,,1,,,,,,,,,,,,,,,1,1,,1,,,,,,1,,,,,,2,,,,-,,W,56
,,,4.4,KSD,A,SALVO,62,Land of Fire,NotYou,1,,,1,,,,,,,1,,,,,,1,,,1,,1,,,,,,1,,,,,1,,,,,-,,W,18
,,,4.4,KSD,B,-BRS-,33,Shards,NotYou,,,,2,,,,,,,1,,,,,,,,2,,,1,,,,,,,1,,,,1,,,,,-,,W,22
,,,4.4,KSD,B,TRETA,90,Land of Fire,NotYou,,,,2,,,,,,,1,,,,,,,,,1,,1,,,,,,1,,,,,,2,,,,-,,W,20
,,,4.4,KSD,B,CHASE,66,Warrior's Path,NotYou,1,,,1,,,,,,,,,,,,1,,,1,1,,1,,,,,,1,,1,,,,,,,,-,,W,21
,,,4.4,KSD,B,PWP,4,SEa of Fortune,NotYou,,,,1,,,,,,,,,,,,,,,1,1,,,,,,1,,,,,,,,4,,,,-,,W,S
,,20/11,5.1,KSD,B,RKN,19,Warrior's Path,NotYou,1,,,,,,,,,,,,,,,,,,,2,,,,,,,,,1,,,,,4,,,,-,,L,S
,,,5.1,KSD,A,PN,80,SEa of Fortune,NotYou,,,,2,,,,,,,,,,,,,,,,2,,,,,,,,1,,,,,,3,,,,-,,L,-20
,,,5.1,KSD,A,-WTP-,56,Crash Zone Alpha,NotYou,,,,2,,,,,,,,,,,,1,,,,1,,1,,,,,,,,,,,2,1,,,,-,,W,18
,,,5.1,KSD,A,5D,45,Land of Fire,NotYou,1,1,,,,,,,,1,2,,,,,,,,,1,,,,,,,,1,,,,,1,,,,,-,,W,15
,,,5.1,KSD,A,-BRS-,33,Warrior's Path,NotYou,,,,2,,,,,,,1,,,,,,,,2,,,1,,,1,,,1,,,,,,,,,,-,,W,20
,,,5.1,KSD,A,QQ7,20,North,NotYou,,,,1,,,,,,,1,,,,,1,,,1,1,,1,,,,,,,1,,,,1,,,,,-,,W,19
,,,5.1,KSD,A,-BN-,9,Shards,NotYou,,,,1,,,,,,,,,,,,,,,,2,,,,,1,,,,,,,,,4,,,,-,,L,-19
,,,5.1,KSD,A,KILL,63,Hotspot,NotYou,,,,2,,,,,,,1,,,,1,,,,,1,,2,,,1,,,,,,,,,,,,,-,,W,16
,,,5.1,KSD,A,CVR,37,SEa of Fortune,NotYou,1,,,1,,,,,,,,,,,1,,,,2,1,,,,,,,,,1,,,,,1,,,,-,,L,-21
,,,5.1,KSD,A,UR,14,North,NotYou,,,,1,,,,1,,,1,,,,,,,,,1,,2,,,1,,,,1,,,,,,,,,-,,L,-19
,,,5.1,KSD,A,AP,12,Warrior's Path,NotYou,,,,1,,,1,,,,1,,,,,,,,,1,,2,,,1,,,1,,,,,,,,,,-,,L,-17
,,21/11,5.2,KSD,A,,.,,,,,,,,,,,,,,,,,,,,,,,,,,,,,,,,,,,,,,,,.,,,
,,,5.2,KSD,A,,.,,,,,,,,,,,,,,,,,,,,,,,,,,,,,,,,,,,,,,,,.,,,
,,,5.2,KSD,A,,.,,,,,,,,,,,,,,,,,,,,,,,,,,,,,,,,,,,,,,,,.,,,
,,,5.2,KSD,A,,.,,,,,,,,,,,,,,,,,,,,,,,,,,,,,,,,,,,,,,,,.,,,
,,,5.2,KSD,A,,.,,,,,,,,,,,,,,,,,,,,,,,,,,,,,,,,,,,,,,,,.,,,
,,,5.2,KSD,A,,.,,,,,,,,,,,,,,,,,,,,,,,,,,,,,,,,,,,,,,,,.,,,
,,,5.2,KSD,A,,.,,,,,,,,,,,,,,,,,,,,,,,,,,,,,,,,,,,,,,,,.,,,
,,,,,,,.,,,,,,,,,,,,,,,,,,,,,,,,,,,,,,,,,,,,,,,,.,,,
,,,,,,,.,,,,,,,,,,,,,,,,,,,,,,,,,,,,,,,,,,,,,,,,.,,,
,,,,,,,.,,,,,,,,,,,,,,,,,,,,,,,,,,,,,,,,,,,,,,,,.,,,
,,,,,,,.,,,,,,,,,,,,,,,,,,,,,,,,,,,,,,,,,,,,,,,,.,,,
,,,,,,,.,,,,,,,,,,,,,,,,,,,,,,,,,,,,,,,,,,,,,,,,.,,,
,,,,,,,.,,,,,,,,,,,,,,,,,,,,,,,,,,,,,,,,,,,,,,,,.,,,
,,,,,,,.,,,,,,,,,,,,,,,,,,,,,,,,,,,,,,,,,,,,,,,,.,,,
,,,,,,,.,,,,,,,,,,,,,,,,,,,,,,,,,,,,,,,,,,,,,,,,.,,,
,,,,,,,.,,,,,,,,,,,,,,,,,,,,,,,,,,,,,,,,,,,,,,,,.,,,
,,,,,,,.,,,,,,,,,,,,,,,,,,,,,,,,,,,,,,,,,,,,,,,,.,,,
,,,,,,,.,,,,,,,,,,,,,,,,,,,,,,,,,,,,,,,,,,,,,,,,.,,,
,,,,,,,.,,,,,,,,,,,,,,,,,,,,,,,,,,,,,,,,,,,,,,,,.,,,
,,,,,,,.,,,,,,,,,,,,,,,,,,,,,,,,,,,,,,,,,,,,,,,,.,,,
,,,,,,,.,,,,,,,,,,,,,,,,,,,,,,,,,,,,,,,,,,,,,,,,.,,,
,,,,,,,.,,,,,,,,,,,,,,,,,,,,,,,,,,,,,,,,,,,,,,,,.,,,
,,,,,,,.,,,,,,,,,,,,,,,,,,,,,,,,,,,,,,,,,,,,,,,,.,,,
,,,,,,,.,,,,,,,,,,,,,,,,,,,,,,,,,,,,,,,,,,,,,,,,.,,,
,,,,,,,.,,,,,,,,,,,,,,,,,,,,,,,,,,,,,,,,,,,,,,,,.,,,
,,,,,,,.,,,,,,,,,,,,,,,,,,,,,,,,,,,,,,,,,,,,,,,,.,,,
,,,,,,,.,,,,,,,,,,,,,,,,,,,,,,,,,,,,,,,,,,,,,,,,.,,,
,,,,,,,.,,,,,,,,,,,,,,,,,,,,,,,,,,,,,,,,,,,,,,,,.,,,
,,,,,,,.,,,,,,,,,,,,,,,,,,,,,,,,,,,,,,,,,,,,,,,,.,,,
,,,,,,,.,,,,,,,,,,,,,,,,,,,,,,,,,,,,,,,,,,,,,,,,.,,,
,,,,,,,.,,,,,,,,,,,,,,,,,,,,,,,,,,,,,,,,,,,,,,,,.,,,
,,,,,,,.,,,,,,,,,,,,,,,,,,,,,,,,,,,,,,,,,,,,,,,,.,,,
,,,,,,,.,,,,,,,,,,,,,,,,,,,,,,,,,,,,,,,,,,,,,,,,.,,,
,,,,,,,.,,,,,,,,,,,,,,,,,,,,,,,,,,,,,,,,,,,,,,,,.,,,
,,,,,,,.,,,,,,,,,,,,,,,,,,,,,,,,,,,,,,,,,,,,,,,,.,,,
,,,,,,,.,,,,,,,,,,,,,,,,,,,,,,,,,,,,,,,,,,,,,,,,.,,,
,,,,,,,.,,,,,,,,,,,,,,,,,,,,,,,,,,,,,,,,,,,,,,,,.,,,
,,,,,,,.,,,,,,,,,,,,,,,,,,,,,,,,,,,,,,,,,,,,,,,,.,,,
,,,,,,,.,,,,,,,,,,,,,,,,,,,,,,,,,,,,,,,,,,,,,,,,.,,,
,,,,,,,.,,,,,,,,,,,,,,,,,,,,,,,,,,,,,,,,,,,,,,,,.,,,
,,,,,,,.,,,,,,,,,,,,,,,,,,,,,,,,,,,,,,,,,,,,,,,,.,,,
,,,,,,,.,,,,,,,,,,,,,,,,,,,,,,,,,,,,,,,,,,,,,,,,.,,,
,,,,,,,.,,,,,,,,,,,,,,,,,,,,,,,,,,,,,,,,,,,,,,,,.,,,
,,,,,,,.,,,,,,,,,,,,,,,,,,,,,,,,,,,,,,,,,,,,,,,,.,,,
,,,,,,,.,,,,,,,,,,,,,,,,,,,,,,,,,,,,,,,,,,,,,,,,.,,,
,,,,,,,.,,,,,,,,,,,,,,,,,,,,,,,,,,,,,,,,,,,,,,,,.,,,
,,,,,,,.,,,,,,,,,,,,,,,,,,,,,,,,,,,,,,,,,,,,,,,,.,,,
,,,,,,,.,,,,,,,,,,,,,,,,,,,,,,,,,,,,,,,,,,,,,,,,.,,,
,,,,,,,.,,,,,,,,,,,,,,,,,,,,,,,,,,,,,,,,,,,,,,,,.,,,
,,,,,,,.,,,,,,,,,,,,,,,,,,,,,,,,,,,,,,,,,,,,,,,,.,,,